Gold;Silver;Bronze;Total;Year;Home;Aux;Country;Year-1;Year-2;Year+1;GoldYear-1;TotalYear-1;GoldYear-2;TotalYear-2;HomeBefore;HomeAfter;FlagY1;FlagY2;TotalMedals
11;7;2;20;1896;0;16;USA;0;0;1900;0;0;0;0;0;0;0;0;122
10;17;19;46;1896;1;9;GRE;0;0;1900;0;0;0;0;0;0;0;0;122
6;5;2;13;1896;0;10;GER;0;0;1900;0;0;0;0;0;0;0;0;122
5;4;2;11;1896;0;9;FRA;0;0;1900;0;0;0;0;0;1;0;0;122
2;3;2;7;1896;0;16;GBR;0;0;1900;0;0;0;0;0;0;0;0;122
2;1;3;6;1896;0;10;HUN;0;0;1900;0;0;0;0;0;0;0;0;122
2;1;2;5;1896;0;10;AUT;0;0;1900;0;0;0;0;0;0;0;0;122
2;0;0;2;1896;0;12;AUS;0;0;1900;0;0;0;0;0;0;0;0;122
1;2;3;6;1896;0;10;DEN;0;0;1900;0;0;0;0;0;0;0;0;122
1;2;0;3;1896;0;14;SUI;0;0;1900;0;0;0;0;0;0;0;0;122
1;1;1;3;1896;0;13;ZZX;0;0;1900;0;0;0;0;0;0;0;0;122
29;44;39;112;1900;1;9;FRA;1896;0;1904;5;11;0;0;0;0;1;0;286
19;14;15;48;1900;0;16;USA;1896;0;1904;11;20;0;0;0;1;1;0;286
16;7;9;32;1900;0;16;GBR;1896;0;1904;2;7;0;0;0;0;1;0;286
6;5;5;16;1900;0;10;BEL;1896;0;1904;0;0;0;0;0;0;0;0;286
6;3;3;12;1900;0;13;ZZX;1896;0;1904;1;3;0;0;0;0;1;0;286
6;2;1;9;1900;0;14;SUI;1896;0;1904;1;3;0;0;0;0;1;0;286
4;3;2;9;1900;0;10;GER;1896;0;1904;6;13;0;0;0;0;1;0;286
3;2;0;5;1900;0;8;ITA;1896;0;1904;0;0;0;0;0;0;0;0;286
2;0;3;5;1900;0;12;AUS;1896;0;1904;2;2;0;0;0;0;1;0;286
1;3;2;6;1900;0;10;DEN;1896;0;1904;1;6;0;0;0;0;1;0;286
1;2;2;5;1900;0;10;HUN;1896;0;1904;2;6;0;0;0;0;1;0;286
1;1;0;2;1900;0;7;CUB;1896;0;1904;0;0;0;0;0;0;0;0;286
1;0;1;2;1900;0;9;CAN;1896;0;1904;0;0;0;0;0;0;0;0;286
1;0;0;1;1900;0;8;ESP;1896;0;1904;0;0;0;0;0;0;0;0;286
0;3;3;6;1900;0;10;AUT;1896;0;1904;2;5;0;0;0;0;1;0;286
0;2;3;5;1900;0;9;NOR;1896;0;1904;0;0;0;0;0;0;0;0;286
0;2;3;5;1900;0;14;NED;1896;0;1904;0;0;0;0;0;0;0;0;286
0;2;0;2;1900;0;8;IND;1896;0;1904;0;0;0;0;0;0;0;0;286
0;1;1;2;1900;0;10;BOH;1896;0;1904;0;0;0;0;0;0;0;0;286
0;0;1;1;1900;0;9;MEX;1896;0;1904;0;0;0;0;0;0;0;0;286
0;0;1;1;1900;0;9;SWE;1896;0;1904;0;0;0;0;0;0;0;0;286
78;82;79;239;1904;1;16;USA;1900;1896;1908;19;48;11;20;0;0;1;1;280
4;4;5;13;1904;0;10;GER;1900;1896;1908;4;9;6;13;0;0;1;1;280
4;2;3;9;1904;0;7;CUB;1900;1896;1908;1;2;0;0;0;0;1;0;280
4;1;1;6;1904;0;9;CAN;1900;1896;1908;1;2;0;0;0;0;1;0;280
2;1;1;4;1904;0;10;HUN;1900;1896;1908;1;5;2;6;0;0;1;1;280
1;1;0;2;1904;0;16;GBR;1900;1896;1908;16;32;2;7;0;1;1;1;280
1;1;0;2;1904;0;13;ZZX;1900;1896;1908;6;12;1;3;0;0;1;1;280
1;0;1;2;1904;0;9;GRE;1900;1896;1908;0;0;10;46;0;0;0;1;280
1;0;1;2;1904;0;14;SUI;1900;1896;1908;6;9;1;3;0;0;1;1;280
0;0;1;1;1904;0;10;AUT;1900;1896;1908;0;6;2;5;0;0;1;1;280
56;51;39;146;1908;1;16;GBR;1904;1900;1912;1;2;16;32;0;0;1;1;324
23;12;12;47;1908;0;16;USA;1904;1900;1912;78;239;19;48;1;0;1;1;324
8;6;11;25;1908;0;9;SWE;1904;1900;1912;0;0;0;1;0;1;0;1;324
5;5;9;19;1908;0;9;FRA;1904;1900;1912;0;0;29;112;0;0;0;1;324
3;5;5;13;1908;0;10;GER;1904;1900;1912;4;13;4;9;0;0;1;1;324
3;4;2;9;1908;0;10;HUN;1904;1900;1912;2;4;1;5;0;0;1;1;324
3;3;10;16;1908;0;9;CAN;1904;1900;1912;4;6;1;2;0;0;1;1;324
2;3;3;8;1908;0;9;NOR;1904;1900;1912;0;0;0;5;0;0;0;1;324
2;2;0;4;1908;0;8;ITA;1904;1900;1912;0;0;3;5;0;0;0;1;324
1;5;2;8;1908;0;10;BEL;1904;1900;1912;0;0;6;16;0;0;0;1;324
1;2;2;5;1908;0;14;ANZ;1904;1900;1912;0;0;0;0;0;0;0;0;324
1;2;0;3;1908;0;17;RU1;1904;1900;1912;0;0;0;0;0;0;0;0;324
1;1;3;5;1908;0;10;FIN;1904;1900;1912;0;0;0;0;0;0;0;0;324
1;1;0;2;1908;0;15;RSA;1904;1900;1912;0;0;0;0;0;0;0;0;324
0;3;1;4;1908;0;9;GRE;1904;1900;1912;1;2;0;0;0;0;1;0;324
0;2;3;5;1908;0;10;DEN;1904;1900;1912;0;0;1;6;0;0;0;1;324
0;0;2;2;1908;0;10;BOH;1904;1900;1912;0;0;0;2;0;0;0;1;324
0;0;2;2;1908;0;14;NED;1904;1900;1912;0;0;0;5;0;0;0;1;324
0;0;1;1;1908;0;10;AUT;1904;1900;1912;0;1;0;6;0;0;1;1;324
25;19;19;63;1912;0;16;USA;1908;1904;1920;23;47;78;239;0;0;1;1;310
24;24;17;65;1912;1;9;SWE;1908;1904;1920;8;25;0;0;0;0;1;0;310
10;15;16;41;1912;0;16;GBR;1908;1904;1920;56;146;1;2;1;0;1;1;310
9;8;9;26;1912;0;10;FIN;1908;1904;1920;1;5;0;0;0;0;1;0;310
7;4;3;14;1912;0;9;FRA;1908;1904;1920;5;19;0;0;0;0;1;0;310
5;13;7;25;1912;0;10;GER;1908;1904;1920;3;13;4;13;0;0;1;1;310
4;2;0;6;1912;0;15;RSA;1908;1904;1920;1;2;0;0;0;0;1;0;310
4;1;4;9;1912;0;9;NOR;1908;1904;1920;2;8;0;0;0;0;1;0;310
3;2;3;8;1912;0;9;CAN;1908;1904;1920;3;16;4;6;0;0;1;1;310
3;2;3;8;1912;0;10;HUN;1908;1904;1920;3;9;2;4;0;0;1;1;310
3;1;2;6;1912;0;8;ITA;1908;1904;1920;2;4;0;0;0;0;1;0;310
2;2;3;7;1912;0;14;ANZ;1908;1904;1920;1;5;0;0;0;0;1;0;310
2;1;3;6;1912;0;10;BEL;1908;1904;1920;1;8;0;0;0;1;1;0;310
1;6;5;12;1912;0;10;DEN;1908;1904;1920;0;5;0;0;0;0;1;0;310
1;0;1;2;1912;0;9;GRE;1908;1904;1920;0;4;1;2;0;0;1;1;310
0;2;3;5;1912;0;17;RU1;1908;1904;1920;1;3;0;0;0;0;1;0;310
0;2;2;4;1912;0;10;AUT;1908;1904;1920;0;1;0;1;0;0;1;1;310
0;0;3;3;1912;0;14;NED;1908;1904;1920;0;2;0;0;0;0;1;0;310
41;27;27;95;1920;0;16;USA;1912;1908;1924;25;63;23;47;0;0;1;1;439
19;20;25;64;1920;0;9;SWE;1912;1908;1924;24;65;8;25;1;0;1;1;439
15;15;13;43;1920;0;16;GBR;1912;1908;1924;10;41;56;146;0;0;1;1;439
15;10;9;34;1920;0;10;FIN;1912;1908;1924;9;26;1;5;0;0;1;1;439
14;11;11;36;1920;1;10;BEL;1912;1908;1924;2;6;1;8;0;0;1;1;439
13;9;9;31;1920;0;9;NOR;1912;1908;1924;4;9;2;8;0;0;1;1;439
13;5;5;23;1920;0;8;ITA;1912;1908;1924;3;6;2;4;0;0;1;1;439
9;19;13;41;1920;0;9;FRA;1912;1908;1924;7;14;5;19;0;1;1;1;439
4;2;5;11;1920;0;14;NED;1912;1908;1924;0;3;0;2;0;0;1;1;439
3;9;1;13;1920;0;10;DEN;1912;1908;1924;1;12;0;5;0;0;1;1;439
3;4;3;10;1920;0;15;RSA;1912;1908;1924;4;6;1;2;0;0;1;1;439
3;3;3;9;1920;0;9;CAN;1912;1908;1924;3;8;3;16;0;0;1;1;439
2;2;7;11;1920;0;14;SUI;1912;1908;1924;0;0;0;0;0;0;0;0;439
1;2;0;3;1920;0;10;EST;1912;1908;1924;0;0;0;0;0;0;0;0;439
1;1;1;3;1920;0;9;BRA;1912;1908;1924;0;0;0;0;0;0;0;0;439
0;2;1;3;1920;0;12;AUS;1912;1908;1924;0;0;0;0;0;0;0;0;439
0;2;0;2;1920;0;8;JPN;1912;1908;1924;0;0;0;0;0;0;0;0;439
0;2;0;2;1920;0;8;ESP;1912;1908;1924;0;0;0;0;0;0;0;0;439
0;1;0;1;1920;0;9;GRE;1912;1908;1924;1;2;0;4;0;0;1;1;439
0;1;0;1;1920;0;13;LUX;1912;1908;1924;0;0;0;0;0;0;0;0;439
0;0;2;2;1920;0;17;TCH;1912;1908;1924;0;0;0;0;0;0;0;0;439
0;0;1;1;1920;0;14;NZL;1912;1908;1924;0;0;0;0;0;0;0;0;439
45;27;27;99;1924;0;16;USA;1920;1912;1928;41;95;25;63;0;0;1;1;378
14;13;10;37;1924;0;10;FIN;1920;1912;1928;15;34;9;26;0;0;1;1;378
13;15;10;38;1924;1;9;FRA;1920;1912;1928;9;41;7;14;0;0;1;1;378
9;13;12;34;1924;0;16;GBR;1920;1912;1928;15;43;10;41;0;0;1;1;378
8;3;5;16;1924;0;8;ITA;1920;1912;1928;13;23;3;6;0;0;1;1;378
7;8;10;25;1924;0;14;SUI;1920;1912;1928;2;11;0;0;0;0;1;0;378
5;2;3;10;1924;0;9;NOR;1920;1912;1928;13;31;4;9;0;0;1;1;378
4;13;12;29;1924;0;9;SWE;1920;1912;1928;19;64;24;65;0;0;1;1;378
4;1;5;10;1924;0;14;NED;1920;1912;1928;4;11;0;3;0;1;1;1;378
3;7;3;13;1924;0;10;BEL;1920;1912;1928;14;36;2;6;1;0;1;1;378
3;1;2;6;1924;0;12;AUS;1920;1912;1928;0;3;0;0;0;0;1;0;378
2;5;2;9;1924;0;10;DEN;1920;1912;1928;3;13;1;12;0;0;1;1;378
2;3;4;9;1924;0;10;HUN;1920;1912;1928;0;0;3;8;0;0;0;1;378
2;0;0;2;1924;0;13;YUG;1920;1912;1928;0;0;0;0;0;0;0;0;378
1;4;5;10;1924;0;17;TCH;1920;1912;1928;0;2;0;0;0;0;1;0;378
1;3;2;6;1924;0;12;ARG;1920;1912;1928;0;0;0;0;0;0;0;0;378
1;1;4;6;1924;0;10;EST;1920;1912;1928;1;3;0;0;0;0;1;0;378
1;1;1;3;1924;0;15;RSA;1920;1912;1928;3;10;4;6;0;0;1;1;378
1;0;0;1;1924;0;10;URU;1920;1912;1928;0;0;0;0;0;0;0;0;378
0;3;1;4;1924;0;10;AUT;1920;1912;1928;0;0;0;4;0;0;0;1;378
0;3;1;4;1924;0;9;CAN;1920;1912;1928;3;9;3;8;0;0;1;1;378
0;1;1;2;1924;0;9;POL;1920;1912;1928;0;0;0;0;0;0;0;0;378
0;0;1;1;1924;0;8;HAI;1920;1912;1928;0;0;0;0;0;0;0;0;378
0;0;1;1;1924;0;8;JPN;1920;1912;1928;0;2;0;0;0;0;1;0;378
0;0;1;1;1924;0;14;NZL;1920;1912;1928;0;1;0;0;0;0;1;0;378
0;0;1;1;1924;0;11;POR;1920;1912;1928;0;0;0;0;0;0;0;0;378
0;0;1;1;1924;0;10;ROU;1920;1912;1928;0;0;0;0;0;0;0;0;378
22;18;16;56;1928;0;16;USA;1924;1920;1932;45;99;41;95;0;1;1;1;327
10;7;14;31;1928;0;10;GER;1924;1920;1932;0;0;0;0;0;0;0;0;327
8;8;9;25;1928;0;10;FIN;1924;1920;1932;14;37;15;34;0;0;1;1;327
7;6;12;25;1928;0;9;SWE;1924;1920;1932;4;29;19;64;0;0;1;1;327
7;5;7;19;1928;0;8;ITA;1924;1920;1932;8;16;13;23;0;0;1;1;327
7;4;4;15;1928;0;14;SUI;1924;1920;1932;7;25;2;11;0;0;1;1;327
6;10;5;21;1928;0;9;FRA;1924;1920;1932;13;38;9;41;1;0;1;1;327
6;9;4;19;1928;1;14;NED;1924;1920;1932;4;10;4;11;0;0;1;1;327
4;5;0;9;1928;0;10;HUN;1924;1920;1932;2;9;0;0;0;0;1;0;327
4;4;7;15;1928;0;9;CAN;1924;1920;1932;0;4;3;9;0;0;1;1;327
3;10;7;20;1928;0;16;GBR;1924;1920;1932;9;34;15;43;0;0;1;1;327
3;3;1;7;1928;0;12;ARG;1924;1920;1932;1;6;0;0;0;0;1;0;327
3;1;2;6;1928;0;10;DEN;1924;1920;1932;2;9;3;13;0;0;1;1;327
2;5;2;9;1928;0;17;TCH;1924;1920;1932;1;10;0;2;0;0;1;1;327
2;2;1;5;1928;0;8;JPN;1924;1920;1932;0;1;0;2;0;0;1;1;327
2;1;2;5;1928;0;10;EST;1924;1920;1932;1;6;1;3;0;0;1;1;327
2;1;1;4;1928;0;8;EGY;1924;1920;1932;0;0;0;0;0;0;0;0;327
2;0;1;3;1928;0;10;AUT;1924;1920;1932;0;4;0;0;0;0;1;0;327
1;2;1;4;1928;0;12;AUS;1924;1920;1932;3;6;0;3;0;0;1;1;327
1;2;1;4;1928;0;9;NOR;1924;1920;1932;5;10;13;31;0;0;1;1;327
1;1;3;5;1928;0;9;POL;1924;1920;1932;0;2;0;0;0;0;1;0;327
1;1;3;5;1928;0;13;YUG;1924;1920;1932;2;2;0;0;0;0;1;0;327
1;0;2;3;1928;0;15;RSA;1924;1920;1932;1;3;3;10;0;0;1;1;327
1;0;0;1;1928;0;8;IND;1924;1920;1932;0;0;0;0;0;0;0;0;327
1;0;0;1;1928;0;10;IRL;1924;1920;1932;0;0;0;0;0;0;0;0;327
1;0;0;1;1928;0;14;NZL;1924;1920;1932;0;1;0;1;0;0;1;1;327
1;0;0;1;1928;0;8;ESP;1924;1920;1932;0;0;0;2;0;0;0;1;327
1;0;0;1;1928;0;10;URU;1924;1920;1932;1;1;0;0;0;0;1;0;327
0;1;2;3;1928;0;10;BEL;1924;1920;1932;3;13;14;36;0;0;1;1;327
0;1;0;1;1928;0;8;CHI;1924;1920;1932;0;0;0;0;0;0;0;0;327
0;1;0;1;1928;0;8;HAI;1924;1920;1932;0;1;0;0;0;0;1;0;327
0;0;1;1;1928;0;14;PHI;1924;1920;1932;0;0;0;0;0;0;0;0;327
0;0;1;1;1928;0;11;POR;1924;1920;1932;0;1;0;0;0;0;1;0;327
41;32;30;103;1932;1;16;USA;1928;1924;1936;22;56;45;99;0;0;1;1;346
12;12;12;36;1932;0;8;ITA;1928;1924;1936;7;19;8;16;0;0;1;1;346
10;5;4;19;1932;0;9;FRA;1928;1924;1936;6;21;13;38;0;0;1;1;346
9;5;9;23;1932;0;9;SWE;1928;1924;1936;7;25;4;29;0;0;1;1;346
7;7;4;18;1932;0;8;JPN;1928;1924;1936;2;5;0;1;0;0;1;1;346
6;4;5;15;1932;0;10;HUN;1928;1924;1936;4;9;2;9;0;0;1;1;346
5;8;12;25;1932;0;10;FIN;1928;1924;1936;8;25;14;37;0;0;1;1;346
4;7;5;16;1932;0;16;GBR;1928;1924;1936;3;20;9;34;0;0;1;1;346
3;12;5;20;1932;0;10;GER;1928;1924;1936;10;31;0;0;0;1;1;0;346
3;1;1;5;1932;0;12;AUS;1928;1924;1936;1;4;3;6;0;0;1;1;346
3;1;0;4;1932;0;12;ARG;1928;1924;1936;3;7;1;6;0;0;1;1;346
2;5;8;15;1932;0;9;CAN;1928;1924;1936;4;15;0;4;0;0;1;1;346
2;5;0;7;1932;0;14;NED;1928;1924;1936;6;19;4;10;1;0;1;1;346
2;1;4;7;1932;0;9;POL;1928;1924;1936;1;5;0;2;0;0;1;1;346
2;0;3;5;1932;0;15;RSA;1928;1924;1936;1;3;1;3;0;0;1;1;346
2;0;0;2;1932;0;10;IRL;1928;1924;1936;1;1;0;0;0;0;1;0;346
1;2;1;4;1932;0;17;TCH;1928;1924;1936;2;9;1;10;0;0;1;1;346
1;1;3;5;1932;0;10;AUT;1928;1924;1936;2;3;0;4;0;0;1;1;346
1;0;0;1;1932;0;8;IND;1928;1924;1936;1;1;0;0;0;0;1;0;346
0;3;3;6;1932;0;10;DEN;1928;1924;1936;3;6;2;9;0;0;1;1;346
0;2;0;2;1932;0;9;MEX;1928;1924;1936;0;0;0;0;0;0;0;0;346
0;1;0;1;1932;0;9;LAT;1928;1924;1936;0;0;0;0;0;0;0;0;346
0;1;0;1;1932;0;14;NZL;1928;1924;1936;1;1;0;1;0;0;1;1;346
0;1;0;1;1932;0;14;SUI;1928;1924;1936;7;15;7;25;0;0;1;1;346
0;0;3;3;1932;0;14;PHI;1928;1924;1936;0;1;0;0;0;0;1;0;346
0;0;1;1;1932;0;8;ESP;1928;1924;1936;1;1;0;0;0;0;1;0;346
0;0;1;1;1932;0;10;URU;1928;1924;1936;1;1;1;1;0;0;1;1;346
33;26;30;89;1936;1;10;GER;1932;1928;1948;3;20;10;31;0;0;1;1;388
24;20;12;56;1936;0;16;USA;1932;1928;1948;41;103;22;56;1;0;1;1;388
10;1;5;16;1936;0;10;HUN;1932;1928;1948;6;15;4;9;0;0;1;1;388
8;9;5;22;1936;0;8;ITA;1932;1928;1948;12;36;7;19;0;0;1;1;388
7;6;6;19;1936;0;10;FIN;1932;1928;1948;5;25;8;25;0;0;1;1;388
7;6;6;19;1936;0;9;FRA;1932;1928;1948;10;19;6;21;0;0;1;1;388
6;5;9;20;1936;0;9;SWE;1932;1928;1948;9;23;7;25;0;0;1;1;388
6;4;8;18;1936;0;8;JPN;1932;1928;1948;7;18;2;5;0;0;1;1;388
6;4;7;17;1936;0;14;NED;1932;1928;1948;2;7;6;19;0;0;1;1;388
4;7;3;14;1936;0;16;GBR;1932;1928;1948;4;16;3;20;0;1;1;1;388
4;6;3;13;1936;0;10;AUT;1932;1928;1948;1;5;2;3;0;0;1;1;388
3;5;0;8;1936;0;17;TCH;1932;1928;1948;1;4;2;9;0;0;1;1;388
2;2;3;7;1936;0;12;ARG;1932;1928;1948;3;4;3;7;0;0;1;1;388
2;2;3;7;1936;0;10;EST;1932;1928;1948;0;0;2;5;0;0;0;1;388
2;1;2;5;1936;0;8;EGY;1932;1928;1948;0;0;2;4;0;0;0;1;388
1;9;5;15;1936;0;14;SUI;1932;1928;1948;0;1;7;15;0;0;1;1;388
1;3;5;9;1936;0;9;CAN;1932;1928;1948;2;15;4;15;0;0;1;1;388
1;3;2;6;1936;0;9;NOR;1932;1928;1948;0;0;1;4;0;0;0;1;388
1;0;1;2;1936;0;9;TUR;1932;1928;1948;0;0;0;0;0;0;0;0;388
1;0;0;1;1936;0;8;IND;1932;1928;1948;1;1;1;1;0;0;1;1;388
1;0;0;1;1936;0;14;NZL;1932;1928;1948;0;1;1;1;0;0;1;1;388
0;3;3;6;1936;0;9;POL;1932;1928;1948;2;7;1;5;0;0;1;1;388
0;2;3;5;1936;0;10;DEN;1932;1928;1948;0;6;3;6;0;0;1;1;388
0;1;1;2;1936;0;9;LAT;1932;1928;1948;0;1;0;0;0;0;1;0;388
0;1;0;1;1936;0;10;ROU;1932;1928;1948;0;0;0;0;0;0;0;0;388
0;1;0;1;1936;0;15;RSA;1932;1928;1948;2;5;1;3;0;0;1;1;388
0;1;0;1;1936;0;13;YUG;1932;1928;1948;0;0;1;5;0;0;0;1;388
0;0;3;3;1936;0;9;MEX;1932;1928;1948;0;2;0;0;0;0;1;0;388
0;0;2;2;1936;0;10;BEL;1932;1928;1948;0;0;0;3;0;0;0;1;388
0;0;1;1;1936;0;12;AUS;1932;1928;1948;3;5;1;4;0;0;1;1;388
0;0;1;1;1936;0;14;PHI;1932;1928;1948;0;3;0;1;0;0;1;1;388
0;0;1;1;1936;0;11;POR;1932;1928;1948;0;0;0;1;0;0;0;1;388
38;27;19;84;1948;0;16;USA;1936;1932;1952;24;56;41;103;0;0;1;1;411
16;11;17;44;1948;0;9;SWE;1936;1932;1952;6;20;9;23;0;0;1;1;411
10;6;13;29;1948;0;9;FRA;1936;1932;1952;7;19;10;19;0;0;1;1;411
10;5;12;27;1948;0;10;HUN;1936;1932;1952;10;16;6;15;0;0;1;1;411
8;11;8;27;1948;0;8;ITA;1936;1932;1952;8;22;12;36;0;0;1;1;411
8;7;5;20;1948;0;10;FIN;1936;1932;1952;7;19;5;25;0;1;1;1;411
6;4;2;12;1948;0;9;TUR;1936;1932;1952;1;2;0;0;0;0;1;0;411
6;2;3;11;1948;0;17;TCH;1936;1932;1952;3;8;1;4;0;0;1;1;411
5;10;5;20;1948;0;14;SUI;1936;1932;1952;1;15;0;1;0;0;1;1;411
5;7;8;20;1948;0;10;DEN;1936;1932;1952;0;5;0;6;0;0;1;1;411
5;2;9;16;1948;0;14;NED;1936;1932;1952;6;17;2;7;0;0;1;1;411
3;14;6;23;1948;1;16;GBR;1936;1932;1952;4;14;4;16;0;0;1;1;411
3;3;1;7;1948;0;12;ARG;1936;1932;1952;2;7;3;4;0;0;1;1;411
2;6;5;13;1948;0;12;AUS;1936;1932;1952;0;1;3;5;0;0;1;1;411
2;2;3;7;1948;0;10;BEL;1936;1932;1952;0;2;0;0;0;0;1;0;411
2;2;1;5;1948;0;8;EGY;1936;1932;1952;2;5;0;0;0;0;1;0;411
2;1;2;5;1948;0;9;MEX;1936;1932;1952;0;3;0;2;0;0;1;1;411
2;1;1;4;1948;0;15;RSA;1936;1932;1952;0;1;2;5;0;0;1;1;411
1;3;3;7;1948;0;9;NOR;1936;1932;1952;1;6;0;0;0;0;1;0;411
1;2;0;3;1948;0;10;JAM;1936;1932;1952;0;0;0;0;0;0;0;0;411
1;0;3;4;1948;0;10;AUT;1936;1932;1952;4;13;1;5;0;0;1;1;411
1;0;0;1;1948;0;8;IND;1936;1932;1952;1;1;1;1;0;0;1;1;411
1;0;0;1;1948;0;7;PER;1936;1932;1952;0;0;0;0;0;0;0;0;411
0;2;0;2;1948;0;13;YUG;1936;1932;1952;0;1;0;0;0;0;1;0;411
0;1;2;3;1948;0;9;CAN;1936;1932;1952;1;9;2;15;0;0;1;1;411
0;1;1;2;1948;0;11;POR;1936;1932;1952;0;1;0;0;0;0;1;0;411
0;1;1;2;1948;0;10;URU;1936;1932;1952;0;0;0;1;0;0;0;1;411
0;1;0;1;1948;0;9;CEY;1936;1932;1952;0;0;0;0;0;0;0;0;411
0;1;0;1;1948;0;7;CUB;1936;1932;1952;0;0;0;0;0;0;0;0;411
0;1;0;1;1948;0;8;ESP;1936;1932;1952;0;0;0;1;0;0;0;1;411
0;1;0;1;1948;0;22;TRI;1936;1932;1952;0;0;0;0;0;0;0;0;411
0;0;2;2;1948;0;9;PAN;1936;1932;1952;0;0;0;0;0;0;0;0;411
0;0;2;2;1948;0;14;KOR;1936;1932;1952;0;0;0;0;0;0;0;0;411
0;0;1;1;1948;0;9;BRA;1936;1932;1952;0;0;0;0;0;0;0;0;411
0;0;1;1;1948;0;7;IRI;1936;1932;1952;0;0;0;0;0;0;0;0;411
0;0;1;1;1948;0;9;POL;1936;1932;1952;0;6;2;7;0;0;1;1;411
0;0;1;1;1948;0;14;PUR;1936;1932;1952;0;0;0;0;0;0;0;0;411
40;19;17;76;1952;0;16;USA;1948;1936;1956;38;84;24;56;0;0;1;1;459
22;30;19;71;1952;0;15;URS;1948;1936;1956;0;0;0;0;0;0;0;0;459
16;10;16;42;1952;0;10;HUN;1948;1936;1956;10;27;10;16;0;0;1;1;459
12;13;10;35;1952;0;9;SWE;1948;1936;1956;16;44;6;20;0;0;1;1;459
8;9;4;21;1952;0;8;ITA;1948;1936;1956;8;27;8;22;0;0;1;1;459
7;3;3;13;1952;0;17;TCH;1948;1936;1956;6;11;3;8;0;0;1;1;459
6;6;6;18;1952;0;9;FRA;1948;1936;1956;10;29;7;19;0;0;1;1;459
6;3;13;22;1952;1;10;FIN;1948;1936;1956;8;20;7;19;0;0;1;1;459
6;2;3;11;1952;0;12;AUS;1948;1936;1956;2;13;0;1;0;1;1;1;459
3;2;0;5;1952;0;9;NOR;1948;1936;1956;1;7;1;6;0;0;1;1;459
2;6;6;14;1952;0;14;SUI;1948;1936;1956;5;20;1;15;0;0;1;1;459
2;4;4;10;1952;0;15;RSA;1948;1936;1956;2;4;0;1;0;0;1;1;459
2;3;0;5;1952;0;10;JAM;1948;1936;1956;1;3;0;0;0;0;1;0;459
2;2;0;4;1952;0;10;BEL;1948;1936;1956;2;7;0;2;0;0;1;1;459
2;1;3;6;1952;0;10;DEN;1948;1936;1956;5;20;0;5;0;0;1;1;459
2;0;1;3;1952;0;9;TUR;1948;1936;1956;6;12;1;2;0;0;1;1;459
1;6;2;9;1952;0;8;JPN;1948;1936;1956;0;0;6;18;0;0;0;1;459
1;2;8;11;1952;0;16;GBR;1948;1936;1956;3;23;4;14;1;0;1;1;459
1;2;2;5;1952;0;12;ARG;1948;1936;1956;3;7;2;7;0;0;1;1;459
1;2;1;4;1952;0;9;POL;1948;1936;1956;0;1;0;6;0;0;1;1;459
1;2;0;3;1952;0;9;CAN;1948;1936;1956;0;3;1;9;0;0;1;1;459
1;2;0;3;1952;0;13;YUG;1948;1936;1956;0;2;0;1;0;0;1;1;459
1;1;2;4;1952;0;10;ROU;1948;1936;1956;0;0;0;1;0;0;0;1;459
1;0;2;3;1952;0;9;BRA;1948;1936;1956;0;1;0;0;0;0;1;0;459
1;0;2;3;1952;0;14;NZL;1948;1936;1956;0;0;1;1;0;0;0;1;459
1;0;1;2;1952;0;8;IND;1948;1936;1956;1;1;1;1;0;0;1;1;459
1;0;0;1;1952;0;13;LUX;1948;1936;1956;0;0;0;0;0;0;0;0;459
0;7;17;24;1952;0;10;GER;1948;1936;1956;0;0;33;89;0;0;0;1;459
0;5;0;5;1952;0;14;NED;1948;1936;1956;5;16;6;17;0;0;1;1;459
0;3;4;7;1952;0;7;IRI;1948;1936;1956;0;1;0;0;0;0;1;0;459
0;2;0;2;1952;0;8;CHI;1948;1936;1956;0;0;0;0;0;0;0;0;459
0;1;1;2;1952;0;10;AUT;1948;1936;1956;1;4;4;13;0;0;1;1;459
0;1;1;2;1952;0;10;LIB;1948;1936;1956;0;0;0;0;0;0;0;0;459
0;1;0;1;1952;0;10;IRL;1948;1936;1956;0;0;0;0;0;0;0;0;459
0;1;0;1;1952;0;9;MEX;1948;1936;1956;2;5;0;3;0;0;1;1;459
0;1;0;1;1952;0;8;ESP;1948;1936;1956;0;1;0;0;0;0;1;0;459
0;0;2;2;1952;0;14;KOR;1948;1936;1956;0;2;0;0;0;0;1;0;459
0;0;2;2;1952;0;22;TRI;1948;1936;1956;0;1;0;0;0;0;1;0;459
0;0;2;2;1952;0;10;URU;1948;1936;1956;0;2;0;0;0;0;1;0;459
0;0;1;1;1952;0;11;BUL;1948;1936;1956;0;0;0;0;0;0;0;0;459
0;0;1;1;1952;0;8;EGY;1948;1936;1956;2;5;2;5;0;0;1;1;459
0;0;1;1;1952;0;11;POR;1948;1936;1956;0;2;0;1;0;0;1;1;459
0;0;1;1;1952;0;12;VEN;1948;1936;1956;0;0;0;0;0;0;0;0;459
37;29;32;98;1956;0;15;URS;1952;1948;1960;22;71;0;0;0;0;1;0;469
32;25;17;74;1956;0;16;USA;1952;1948;1960;40;76;38;84;0;0;1;1;469
13;8;14;35;1956;1;12;AUS;1952;1948;1960;6;11;2;13;0;0;1;1;469
9;10;7;26;1956;0;10;HUN;1952;1948;1960;16;42;10;27;0;0;1;1;469
8;8;9;25;1956;0;8;ITA;1952;1948;1960;8;21;8;27;0;1;1;1;469
8;5;6;19;1956;0;9;SWE;1952;1948;1960;12;35;16;44;0;0;1;1;469
6;13;7;26;1956;0;25;EUA;1952;1948;1960;0;0;0;0;0;0;0;0;469
6;7;11;24;1956;0;16;GBR;1952;1948;1960;1;11;3;23;0;0;1;1;469
5;3;5;13;1956;0;10;ROU;1952;1948;1960;1;4;0;0;0;0;1;0;469
4;10;5;19;1956;0;8;JPN;1952;1948;1960;1;9;0;0;0;0;1;0;469
4;4;6;14;1956;0;9;FRA;1952;1948;1960;6;18;10;29;0;0;1;1;469
3;2;2;7;1956;0;9;TUR;1952;1948;1960;2;3;6;12;0;0;1;1;469
3;1;11;15;1956;0;10;FIN;1952;1948;1960;6;22;8;20;1;0;1;1;469
2;2;1;5;1956;0;7;IRI;1952;1948;1960;0;7;0;1;0;0;1;1;469
2;1;3;6;1956;0;9;CAN;1952;1948;1960;1;3;0;3;0;0;1;1;469
2;0;0;2;1956;0;14;NZL;1952;1948;1960;1;3;0;0;0;0;1;0;469
1;4;4;9;1956;0;9;POL;1952;1948;1960;1;4;0;1;0;0;1;1;469
1;4;1;6;1956;0;17;TCH;1952;1948;1960;7;13;6;11;0;0;1;1;469
1;3;1;5;1956;0;11;BUL;1952;1948;1960;0;1;0;0;0;0;1;0;469
1;2;1;4;1956;0;10;DEN;1952;1948;1960;2;6;5;20;0;0;1;1;469
1;1;3;5;1956;0;10;IRL;1952;1948;1960;0;1;0;0;0;0;1;0;469
1;0;2;3;1956;0;9;NOR;1952;1948;1960;3;5;1;7;0;0;1;1;469
1;0;1;2;1956;0;9;MEX;1952;1948;1960;0;1;2;5;0;0;1;1;469
1;0;0;1;1956;0;9;BRA;1952;1948;1960;1;3;0;1;0;0;1;1;469
1;0;0;1;1956;0;8;IND;1952;1948;1960;1;2;1;1;0;0;1;1;469
0;3;0;3;1956;0;13;YUG;1952;1948;1960;1;3;0;2;0;0;1;1;469
0;2;2;4;1956;0;8;CHI;1952;1948;1960;0;2;0;0;0;0;1;0;469
0;2;0;2;1956;0;10;BEL;1952;1948;1960;2;4;2;7;0;0;1;1;469
0;1;1;2;1956;0;12;ARG;1952;1948;1960;1;5;3;7;0;0;1;1;469
0;1;1;2;1956;0;14;KOR;1952;1948;1960;0;2;0;2;0;0;1;1;469
0;1;0;1;1956;0;10;ISL;1952;1948;1960;0;0;0;0;0;0;0;0;469
0;1;0;1;1956;0;11;PAK;1952;1948;1960;0;0;0;0;0;0;0;0;469
0;0;4;4;1956;0;15;RSA;1952;1948;1960;2;10;2;4;0;0;1;1;469
0;0;2;2;1956;0;10;AUT;1952;1948;1960;0;2;1;4;0;0;1;1;469
0;0;1;1;1956;0;10;BAH;1952;1948;1960;0;0;0;0;0;0;0;0;469
0;0;1;1;1956;0;9;GRE;1952;1948;1960;0;0;0;0;0;0;0;0;469
0;0;1;1;1956;0;14;SUI;1952;1948;1960;2;14;5;20;0;0;1;1;469
0;0;1;1;1956;0;10;URU;1952;1948;1960;0;2;0;2;0;0;1;1;469
43;29;31;103;1960;0;15;URS;1956;1952;1964;37;98;22;71;0;0;1;1;461
34;21;16;71;1960;0;16;USA;1956;1952;1964;32;74;40;76;0;0;1;1;461
13;10;13;36;1960;1;8;ITA;1956;1952;1964;8;25;8;21;0;0;1;1;461
12;19;11;42;1960;0;25;EUA;1956;1952;1964;6;26;0;0;0;0;1;0;461
8;8;6;22;1960;0;12;AUS;1956;1952;1964;13;35;6;11;1;0;1;1;461
7;2;0;9;1960;0;9;TUR;1956;1952;1964;3;7;2;3;0;0;1;1;461
6;8;7;21;1960;0;10;HUN;1956;1952;1964;9;26;16;42;0;0;1;1;461
4;7;7;18;1960;0;8;JPN;1956;1952;1964;4;19;1;9;0;1;1;1;461
4;6;11;21;1960;0;9;POL;1956;1952;1964;1;9;1;4;0;0;1;1;461
3;2;3;8;1960;0;17;TCH;1956;1952;1964;1;6;7;13;0;0;1;1;461
3;1;6;10;1960;0;10;ROU;1956;1952;1964;5;13;1;4;0;0;1;1;461
2;6;12;20;1960;0;16;GBR;1956;1952;1964;6;24;1;11;0;0;1;1;461
2;3;1;6;1960;0;10;DEN;1956;1952;1964;1;4;2;6;0;0;1;1;461
2;0;1;3;1960;0;14;NZL;1956;1952;1964;2;2;1;3;0;0;1;1;461
1;3;3;7;1960;0;11;BUL;1956;1952;1964;1;5;0;1;0;0;1;1;461
1;2;3;6;1960;0;9;SWE;1956;1952;1964;8;19;12;35;0;0;1;1;461
1;1;3;5;1960;0;10;FIN;1956;1952;1964;3;15;6;22;0;0;1;1;461
1;1;0;2;1960;0;10;AUT;1956;1952;1964;0;2;0;2;0;0;1;1;461
1;1;0;2;1960;0;13;YUG;1956;1952;1964;0;3;1;3;0;0;1;1;461
1;0;1;2;1960;0;11;PAK;1956;1952;1964;0;1;0;0;0;0;1;0;461
1;0;0;1;1960;0;11;ETH;1956;1952;1964;0;0;0;0;0;0;0;0;461
1;0;0;1;1960;0;9;GRE;1956;1952;1964;0;1;0;0;0;0;1;0;461
1;0;0;1;1960;0;9;NOR;1956;1952;1964;1;3;3;5;0;0;1;1;461
0;3;3;6;1960;0;14;SUI;1956;1952;1964;0;1;2;14;0;0;1;1;461
0;2;3;5;1960;0;9;FRA;1956;1952;1964;4;14;6;18;0;0;1;1;461
0;2;2;4;1960;0;10;BEL;1956;1952;1964;0;2;2;4;0;0;1;1;461
0;1;3;4;1960;0;7;IRI;1956;1952;1964;2;5;0;7;0;0;1;1;461
0;1;2;3;1960;0;14;NED;1956;1952;1964;0;0;0;5;0;0;0;1;461
0;1;2;3;1960;0;15;RSA;1956;1952;1964;0;4;2;10;0;0;1;1;461
0;1;1;2;1960;0;12;ARG;1956;1952;1964;0;2;1;5;0;0;1;1;461
0;1;1;2;1960;0;8;EGY;1956;1952;1964;0;0;0;1;0;0;0;1;461
0;1;0;1;1960;0;9;CAN;1956;1952;1964;2;6;1;3;0;0;1;1;461
0;1;0;1;1960;0;8;GHA;1956;1952;1964;0;0;0;0;0;0;0;0;461
0;1;0;1;1960;0;8;IND;1956;1952;1964;1;1;1;2;0;0;1;1;461
0;1;0;1;1960;0;10;MAR;1956;1952;1964;0;0;0;0;0;0;0;0;461
0;1;0;1;1960;0;11;POR;1956;1952;1964;0;0;0;1;0;0;0;1;461
0;1;0;1;1960;0;20;ROC;1956;1952;1964;0;0;0;0;0;0;0;0;461
0;1;0;1;1960;0;12;SIN;1956;1952;1964;0;0;0;0;0;0;0;0;461
0;0;2;2;1960;0;9;BRA;1956;1952;1964;1;1;1;3;0;0;1;1;461
0;0;2;2;1960;0;22;BWI;1956;1952;1964;0;0;0;0;0;0;0;0;461
0;0;1;1;1960;0;7;IRQ;1956;1952;1964;0;0;0;0;0;0;0;0;461
0;0;1;1;1960;0;9;MEX;1956;1952;1964;1;2;0;1;0;0;1;1;461
0;0;1;1;1960;0;8;ESP;1956;1952;1964;0;0;0;1;0;0;0;1;461
0;0;1;1;1960;0;12;VEN;1956;1952;1964;0;0;0;1;0;0;0;1;461
36;26;28;90;1964;0;16;USA;1960;1956;1968;34;71;32;74;0;0;1;1;504
30;31;35;96;1964;0;15;URS;1960;1956;1968;43;103;37;98;0;0;1;1;504
16;5;8;29;1964;1;8;JPN;1960;1956;1968;4;18;4;19;0;0;1;1;504
10;22;18;50;1964;0;25;EUA;1960;1956;1968;12;42;6;26;0;0;1;1;504
10;10;7;27;1964;0;8;ITA;1960;1956;1968;13;36;8;25;1;0;1;1;504
10;7;5;22;1964;0;10;HUN;1960;1956;1968;6;21;9;26;0;0;1;1;504
7;6;10;23;1964;0;9;POL;1960;1956;1968;4;21;1;9;0;0;1;1;504
6;2;10;18;1964;0;12;AUS;1960;1956;1968;8;22;13;35;0;0;1;1;504
5;6;3;14;1964;0;17;TCH;1960;1956;1968;3;8;1;6;0;0;1;1;504
4;12;2;18;1964;0;16;GBR;1960;1956;1968;2;20;6;24;0;0;1;1;504
3;5;2;10;1964;0;11;BUL;1960;1956;1968;1;7;1;5;0;0;1;1;504
3;0;2;5;1964;0;10;FIN;1960;1956;1968;1;5;3;15;0;0;1;1;504
3;0;2;5;1964;0;14;NZL;1960;1956;1968;2;3;2;2;0;0;1;1;504
2;4;6;12;1964;0;10;ROU;1960;1956;1968;3;10;5;13;0;0;1;1;504
2;4;4;10;1964;0;14;NED;1960;1956;1968;0;3;0;0;0;0;1;0;504
2;3;1;6;1964;0;9;TUR;1960;1956;1968;7;9;3;7;0;0;1;1;504
2;2;4;8;1964;0;9;SWE;1960;1956;1968;1;6;8;19;0;0;1;1;504
2;1;3;6;1964;0;10;DEN;1960;1956;1968;2;6;1;4;0;0;1;1;504
2;1;2;5;1964;0;13;YUG;1960;1956;1968;1;2;0;3;0;0;1;1;504
2;0;1;3;1964;0;10;BEL;1960;1956;1968;0;4;0;2;0;0;1;1;504
1;8;6;15;1964;0;9;FRA;1960;1956;1968;0;5;4;14;0;0;1;1;504
1;2;1;4;1964;0;9;CAN;1960;1956;1968;0;1;2;6;0;0;1;1;504
1;2;1;4;1964;0;14;SUI;1960;1956;1968;0;6;0;1;0;0;1;1;504
1;0;0;1;1964;0;10;BAH;1960;1956;1968;0;0;0;1;0;0;0;1;504
1;0;0;1;1964;0;11;ETH;1960;1956;1968;1;1;0;0;0;0;1;0;504
1;0;0;1;1964;0;8;IND;1960;1956;1968;0;1;1;1;0;0;1;1;504
0;2;1;3;1964;0;14;KOR;1960;1956;1968;0;0;0;2;0;0;0;1;504
0;1;2;3;1964;0;22;TRI;1960;1956;1968;0;0;0;0;0;0;0;0;504
0;1;1;2;1964;0;10;TUN;1960;1956;1968;0;0;0;0;0;0;0;0;504
0;1;0;1;1964;0;12;ARG;1960;1956;1968;0;2;0;2;0;0;1;1;504
0;1;0;1;1964;0;7;CUB;1960;1956;1968;0;0;0;0;0;0;0;0;504
0;1;0;1;1964;0;11;PAK;1960;1956;1968;1;2;0;1;0;0;1;1;504
0;1;0;1;1964;0;14;PHI;1960;1956;1968;0;0;0;0;0;0;0;0;504
0;0;2;2;1964;0;7;IRI;1960;1956;1968;0;4;2;5;0;0;1;1;504
0;0;1;1;1964;0;9;BRA;1960;1956;1968;0;2;1;1;0;0;1;1;504
0;0;1;1;1964;0;8;GHA;1960;1956;1968;0;1;0;0;0;0;1;0;504
0;0;1;1;1964;0;10;IRL;1960;1956;1968;0;0;1;5;0;0;0;1;504
0;0;1;1;1964;0;8;KEN;1960;1956;1968;0;0;0;0;0;0;0;0;504
0;0;1;1;1964;0;9;MEX;1960;1956;1968;0;1;1;2;0;1;1;1;504
0;0;1;1;1964;0;10;NGR;1960;1956;1968;0;0;0;0;0;0;0;0;504
0;0;1;1;1964;0;10;URU;1960;1956;1968;0;0;0;1;0;0;0;1;504
45;28;34;107;1968;0;16;USA;1964;1960;1972;36;90;34;71;0;0;1;1;527
29;32;30;91;1968;0;15;URS;1964;1960;1972;30;96;43;103;0;0;1;1;527
11;7;7;25;1968;0;8;JPN;1964;1960;1972;16;29;4;18;1;0;1;1;527
10;10;12;32;1968;0;10;HUN;1964;1960;1972;10;22;6;21;0;0;1;1;527
9;9;7;25;1968;0;15;GDR;1964;1960;1972;0;0;0;0;0;0;0;0;527
7;3;5;15;1968;0;9;FRA;1964;1960;1972;1;15;0;5;0;0;1;1;527
7;2;4;13;1968;0;17;TCH;1964;1960;1972;5;14;3;8;0;0;1;1;527
5;11;10;26;1968;0;15;FRG;1964;1960;1972;0;0;0;0;0;1;0;0;527
5;7;5;17;1968;0;12;AUS;1964;1960;1972;6;18;8;22;0;0;1;1;527
5;5;3;13;1968;0;16;GBR;1964;1960;1972;4;18;2;20;0;0;1;1;527
5;2;11;18;1968;0;9;POL;1964;1960;1972;7;23;4;21;0;0;1;1;527
4;6;5;15;1968;0;10;ROU;1964;1960;1972;2;12;3;10;0;0;1;1;527
3;4;9;16;1968;0;8;ITA;1964;1960;1972;10;27;13;36;0;0;1;1;527
3;4;2;9;1968;0;8;KEN;1964;1960;1972;0;1;0;0;0;0;1;0;527
3;3;3;9;1968;1;9;MEX;1964;1960;1972;0;1;0;1;0;0;1;1;527
3;3;2;8;1968;0;13;YUG;1964;1960;1972;2;5;1;2;0;0;1;1;527
3;3;1;7;1968;0;14;NED;1964;1960;1972;2;10;0;3;0;0;1;1;527
2;4;3;9;1968;0;11;BUL;1964;1960;1972;3;10;1;7;0;0;1;1;527
2;1;2;5;1968;0;7;IRI;1964;1960;1972;0;2;0;4;0;0;1;1;527
2;1;1;4;1968;0;9;SWE;1964;1960;1972;2;8;1;6;0;0;1;1;527
2;0;0;2;1968;0;9;TUR;1964;1960;1972;2;6;7;9;0;0;1;1;527
1;4;3;8;1968;0;10;DEN;1964;1960;1972;2;6;2;6;0;0;1;1;527
1;3;1;5;1968;0;9;CAN;1964;1960;1972;1;4;0;1;0;0;1;1;527
1;2;1;4;1968;0;10;FIN;1964;1960;1972;3;5;1;5;0;0;1;1;527
1;1;0;2;1968;0;11;ETH;1964;1960;1972;1;1;1;1;0;0;1;1;527
1;1;0;2;1968;0;9;NOR;1964;1960;1972;0;0;1;1;0;0;0;1;527
1;0;2;3;1968;0;14;NZL;1964;1960;1972;3;5;2;3;0;0;1;1;527
1;0;1;2;1968;0;10;TUN;1964;1960;1972;0;2;0;0;0;0;1;0;527
1;0;0;1;1968;0;11;PAK;1964;1960;1972;0;1;1;2;0;0;1;1;527
1;0;0;1;1968;0;12;VEN;1964;1960;1972;0;0;0;1;0;0;0;1;527
0;4;0;4;1968;0;7;CUB;1964;1960;1972;0;1;0;0;0;0;1;0;527
0;2;2;4;1968;0;10;AUT;1964;1960;1972;0;0;1;2;0;0;0;1;527
0;1;4;5;1968;0;14;SUI;1964;1960;1972;1;4;0;6;0;0;1;1;527
0;1;3;4;1968;0;11;MGL;1964;1960;1972;0;0;0;0;0;0;0;0;527
0;1;2;3;1968;0;9;BRA;1964;1960;1972;0;1;0;2;0;0;1;1;527
0;1;1;2;1968;0;10;BEL;1964;1960;1972;2;3;0;4;0;0;1;1;527
0;1;1;2;1968;0;14;KOR;1964;1960;1972;0;3;0;0;0;0;1;0;527
0;1;1;2;1968;0;9;UGA;1964;1960;1972;0;0;0;0;0;0;0;0;527
0;1;0;1;1968;0;11;CMR;1964;1960;1972;0;0;0;0;0;0;0;0;527
0;1;0;1;1968;0;10;JAM;1964;1960;1972;0;0;0;0;0;0;0;0;527
0;0;2;2;1968;0;12;ARG;1964;1960;1972;0;1;0;2;0;0;1;1;527
0;0;1;1;1968;0;9;GRE;1964;1960;1972;0;0;1;1;0;0;0;1;527
0;0;1;1;1968;0;8;IND;1964;1960;1972;1;1;0;1;0;0;1;1;527
0;0;1;1;1968;0;20;ROC;1964;1960;1972;0;0;0;1;0;0;0;1;527
50;27;22;99;1972;0;15;URS;1968;1964;1976;29;91;30;96;0;0;1;1;600
33;31;30;94;1972;0;16;USA;1968;1964;1976;45;107;36;90;0;0;1;1;600
20;23;23;66;1972;0;15;GDR;1968;1964;1976;9;25;0;0;0;0;1;0;600
13;11;16;40;1972;1;15;FRG;1968;1964;1976;5;26;0;0;0;0;1;0;600
13;8;8;29;1972;0;8;JPN;1968;1964;1976;11;25;16;29;0;0;1;1;600
8;7;2;17;1972;0;12;AUS;1968;1964;1976;5;17;6;18;0;0;1;1;600
7;5;9;21;1972;0;9;POL;1968;1964;1976;5;18;7;23;0;0;1;1;600
6;13;16;35;1972;0;10;HUN;1968;1964;1976;10;32;10;22;0;0;1;1;600
6;10;5;21;1972;0;11;BUL;1968;1964;1976;2;9;3;10;0;0;1;1;600
5;3;10;18;1972;0;8;ITA;1968;1964;1976;3;16;10;27;0;0;1;1;600
4;6;6;16;1972;0;9;SWE;1968;1964;1976;2;4;2;8;0;0;1;1;600
4;5;9;18;1972;0;16;GBR;1968;1964;1976;5;13;4;18;0;0;1;1;600
3;6;7;16;1972;0;10;ROU;1968;1964;1976;4;15;2;12;0;0;1;1;600
3;1;4;8;1972;0;7;CUB;1968;1964;1976;0;4;0;1;0;0;1;1;600
3;1;4;8;1972;0;10;FIN;1968;1964;1976;1;4;3;5;0;0;1;1;600
3;1;1;5;1972;0;14;NED;1968;1964;1976;3;7;2;10;0;0;1;1;600
2;4;7;13;1972;0;9;FRA;1968;1964;1976;7;15;1;15;0;0;1;1;600
2;4;2;8;1972;0;17;TCH;1968;1964;1976;7;13;5;14;0;0;1;1;600
2;3;4;9;1972;0;8;KEN;1968;1964;1976;3;9;0;1;0;0;1;1;600
2;1;2;5;1972;0;13;YUG;1968;1964;1976;3;8;2;5;0;0;1;1;600
2;1;1;4;1972;0;9;NOR;1968;1964;1976;1;2;0;0;0;0;1;0;600
1;1;3;5;1972;0;14;PRK;1968;1964;1976;0;0;0;0;0;0;0;0;600
1;1;1;3;1972;0;14;NZL;1968;1964;1976;1;3;3;5;0;0;1;1;600
1;1;0;2;1972;0;9;UGA;1968;1964;1976;0;2;0;0;0;0;1;0;600
1;0;0;1;1972;0;10;DEN;1968;1964;1976;1;8;2;6;0;0;1;1;600
0;3;0;3;1972;0;14;SUI;1968;1964;1976;0;5;1;4;0;0;1;1;600
0;2;3;5;1972;0;9;CAN;1968;1964;1976;1;5;1;4;0;1;1;1;600
0;2;1;3;1972;0;7;IRI;1968;1964;1976;2;5;0;2;0;0;1;1;600
0;2;0;2;1972;0;10;BEL;1968;1964;1976;0;2;2;3;0;0;1;1;600
0;2;0;2;1972;0;9;GRE;1968;1964;1976;0;1;0;0;0;0;1;0;600
0;1;2;3;1972;0;10;AUT;1968;1964;1976;0;4;0;0;0;0;1;0;600
0;1;2;3;1972;0;11;COL;1968;1964;1976;0;0;0;0;0;0;0;0;600
0;1;0;1;1972;0;12;ARG;1968;1964;1976;0;2;0;1;0;0;1;1;600
0;1;0;1;1972;0;10;LIB;1968;1964;1976;0;0;0;0;0;0;0;0;600
0;1;0;1;1972;0;9;MEX;1968;1964;1976;3;9;0;1;1;0;1;1;600
0;1;0;1;1972;0;11;MGL;1968;1964;1976;0;4;0;0;0;0;1;0;600
0;1;0;1;1972;0;11;PAK;1968;1964;1976;1;1;0;1;0;0;1;1;600
0;1;0;1;1972;0;14;KOR;1968;1964;1976;0;2;0;3;0;0;1;1;600
0;1;0;1;1972;0;10;TUN;1968;1964;1976;1;2;0;2;0;0;1;1;600
0;1;0;1;1972;0;9;TUR;1968;1964;1976;2;2;2;6;0;0;1;1;600
0;0;2;2;1972;0;9;BRA;1968;1964;1976;0;3;0;1;0;0;1;1;600
0;0;2;2;1972;0;11;ETH;1968;1964;1976;1;2;1;1;0;0;1;1;600
0;0;1;1;1972;0;8;GHA;1968;1964;1976;0;0;0;1;0;0;0;1;600
0;0;1;1;1972;0;8;IND;1968;1964;1976;0;1;1;1;0;0;1;1;600
0;0;1;1;1972;0;10;JAM;1968;1964;1976;0;1;0;0;0;0;1;0;600
0;0;1;1;1972;0;8;NIG;1968;1964;1976;0;0;0;0;0;0;0;0;600
0;0;1;1;1972;0;10;NGR;1968;1964;1976;0;0;0;1;0;0;0;1;600
0;0;1;1;1972;0;8;ESP;1968;1964;1976;0;0;0;0;0;0;0;0;600
49;41;35;125;1976;0;15;URS;1972;1968;1980;50;99;29;91;0;1;1;1;613
40;25;25;90;1976;0;15;GDR;1972;1968;1980;20;66;9;25;0;0;1;1;613
34;35;25;94;1976;0;16;USA;1972;1968;1980;33;94;45;107;0;0;1;1;613
10;12;17;39;1976;0;15;FRG;1972;1968;1980;13;40;5;26;1;0;1;1;613
9;6;10;25;1976;0;8;JPN;1972;1968;1980;13;29;11;25;0;0;1;1;613
7;6;13;26;1976;0;9;POL;1972;1968;1980;7;21;5;18;0;0;1;1;613
6;9;7;22;1976;0;11;BUL;1972;1968;1980;6;21;2;9;0;0;1;1;613
6;4;3;13;1976;0;7;CUB;1972;1968;1980;3;8;0;4;0;0;1;1;613
4;9;14;27;1976;0;10;ROU;1972;1968;1980;3;16;4;15;0;0;1;1;613
4;5;13;22;1976;0;10;HUN;1972;1968;1980;6;35;10;32;0;0;1;1;613
4;2;0;6;1976;0;10;FIN;1972;1968;1980;3;8;1;4;0;0;1;1;613
4;1;0;5;1976;0;9;SWE;1972;1968;1980;4;16;2;4;0;0;1;1;613
3;5;5;13;1976;0;16;GBR;1972;1968;1980;4;18;5;13;0;0;1;1;613
2;7;4;13;1976;0;8;ITA;1972;1968;1980;5;18;3;16;0;0;1;1;613
2;3;4;9;1976;0;9;FRA;1972;1968;1980;2;13;7;15;0;0;1;1;613
2;3;3;8;1976;0;13;YUG;1972;1968;1980;2;5;3;8;0;0;1;1;613
2;2;4;8;1976;0;17;TCH;1972;1968;1980;2;8;7;13;0;0;1;1;613
2;1;1;4;1976;0;14;NZL;1972;1968;1980;1;3;1;3;0;0;1;1;613
1;1;4;6;1976;0;14;KOR;1972;1968;1980;0;1;0;2;0;0;1;1;613
1;1;2;4;1976;0;14;SUI;1972;1968;1980;0;3;0;5;0;0;1;1;613
1;1;0;2;1976;0;10;JAM;1972;1968;1980;0;1;0;1;0;0;1;1;613
1;1;0;2;1976;0;14;PRK;1972;1968;1980;1;5;0;0;0;0;1;0;613
1;1;0;2;1976;0;9;NOR;1972;1968;1980;2;4;1;2;0;0;1;1;613
1;0;2;3;1976;0;10;DEN;1972;1968;1980;1;1;1;8;0;0;1;1;613
1;0;1;2;1976;0;9;MEX;1972;1968;1980;0;1;3;9;0;0;1;1;613
1;0;0;1;1976;0;22;TRI;1972;1968;1980;0;0;0;0;0;0;0;0;613
0;5;6;11;1976;1;9;CAN;1972;1968;1980;0;5;1;5;0;0;1;1;613
0;3;3;6;1976;0;10;BEL;1972;1968;1980;0;2;0;2;0;0;1;1;613
0;2;3;5;1976;0;14;NED;1972;1968;1980;3;5;3;7;0;0;1;1;613
0;2;0;2;1976;0;11;POR;1972;1968;1980;0;0;0;0;0;0;0;0;613
0;2;0;2;1976;0;8;ESP;1972;1968;1980;0;1;0;0;0;0;1;0;613
0;1;4;5;1976;0;12;AUS;1972;1968;1980;8;17;5;17;0;0;1;1;613
0;1;1;2;1976;0;7;IRI;1972;1968;1980;0;3;2;5;0;0;1;1;613
0;1;0;1;1976;0;11;MGL;1972;1968;1980;0;1;0;4;0;0;1;1;613
0;1;0;1;1976;0;12;VEN;1972;1968;1980;0;0;1;1;0;0;0;1;613
0;0;2;2;1976;0;9;BRA;1972;1968;1980;0;2;0;3;0;0;1;1;613
0;0;1;1;1976;0;10;AUT;1972;1968;1980;0;3;0;4;0;0;1;1;613
0;0;1;1;1976;0;10;BER;1972;1968;1980;0;0;0;0;0;0;0;0;613
0;0;1;1;1976;0;11;PAK;1972;1968;1980;0;1;1;1;0;0;1;1;613
0;0;1;1;1976;0;14;PUR;1972;1968;1980;0;0;0;0;0;0;0;0;613
0;0;1;1;1976;0;11;THA;1972;1968;1980;0;0;0;0;0;0;0;0;613
80;69;46;195;1980;1;15;URS;1976;1972;1984;49;125;50;99;0;0;1;1;631
47;37;42;126;1980;0;15;GDR;1976;1972;1984;40;90;20;66;0;0;1;1;631
8;16;17;41;1980;0;11;BUL;1976;1972;1984;6;22;6;21;0;0;1;1;631
8;7;5;20;1980;0;7;CUB;1976;1972;1984;6;13;3;8;0;0;1;1;631
8;3;4;15;1980;0;8;ITA;1976;1972;1984;2;13;5;18;0;0;1;1;631
7;10;15;32;1980;0;10;HUN;1976;1972;1984;4;22;6;35;0;0;1;1;631
6;6;13;25;1980;0;10;ROU;1976;1972;1984;4;27;3;16;0;0;1;1;631
6;5;3;14;1980;0;9;FRA;1976;1972;1984;2;9;2;13;0;0;1;1;631
5;7;9;21;1980;0;16;GBR;1976;1972;1984;3;13;4;18;0;0;1;1;631
3;14;15;32;1980;0;9;POL;1976;1972;1984;7;26;7;21;0;0;1;1;631
3;3;6;12;1980;0;9;SWE;1976;1972;1984;4;5;4;16;0;0;1;1;631
3;1;4;8;1980;0;10;FIN;1976;1972;1984;4;6;3;8;0;0;1;1;631
2;3;9;14;1980;0;17;TCH;1976;1972;1984;2;8;2;8;0;0;1;1;631
2;3;4;9;1980;0;13;YUG;1976;1972;1984;2;8;2;5;0;0;1;1;631
2;2;5;9;1980;0;12;AUS;1976;1972;1984;0;5;8;17;0;0;1;1;631
2;1;2;5;1980;0;10;DEN;1976;1972;1984;1;3;1;1;0;0;1;1;631
2;0;2;4;1980;0;9;BRA;1976;1972;1984;0;2;0;2;0;0;1;1;631
2;0;2;4;1980;0;11;ETH;1976;1972;1984;0;0;0;2;0;0;0;1;631
2;0;0;2;1980;0;14;SUI;1976;1972;1984;1;4;0;3;0;0;1;1;631
1;3;2;6;1980;0;8;ESP;1976;1972;1984;0;2;0;1;0;0;1;1;631
1;2;1;4;1980;0;10;AUT;1976;1972;1984;0;1;0;3;0;0;1;1;631
1;0;2;3;1980;0;9;GRE;1976;1972;1984;0;0;0;2;0;0;0;1;631
1;0;0;1;1980;0;10;BEL;1976;1972;1984;0;6;0;2;0;0;1;1;631
1;0;0;1;1980;0;8;IND;1976;1972;1984;0;0;0;1;0;0;0;1;631
1;0;0;1;1980;0;11;ZIM;1976;1972;1984;0;0;0;0;0;0;0;0;631
0;3;2;5;1980;0;14;PRK;1976;1972;1984;1;2;1;5;0;0;1;1;631
0;2;2;4;1980;0;11;MGL;1976;1972;1984;0;1;0;1;0;0;1;1;631
0;2;0;2;1980;0;11;TAN;1976;1972;1984;0;0;0;0;0;0;0;0;631
0;1;3;4;1980;0;9;MEX;1976;1972;1984;1;2;0;1;0;0;1;1;631
0;1;2;3;1980;0;14;NED;1976;1972;1984;0;5;3;5;0;0;1;1;631
0;1;1;2;1980;0;10;IRL;1976;1972;1984;0;0;0;0;0;0;0;0;631
0;1;0;1;1980;0;9;UGA;1976;1972;1984;0;0;1;2;0;0;0;1;631
0;1;0;1;1980;0;12;VEN;1976;1972;1984;0;1;0;0;0;0;1;0;631
0;0;3;3;1980;0;10;JAM;1976;1972;1984;1;2;0;1;0;0;1;1;631
0;0;1;1;1980;0;9;GUY;1976;1972;1984;0;0;0;0;0;0;0;0;631
0;0;1;1;1980;0;10;LIB;1976;1972;1984;0;0;0;1;0;0;0;1;631
83;61;30;174;1984;1;16;USA;1980;1976;1988;0;0;34;94;0;0;0;1;688
20;16;17;53;1984;0;10;ROU;1980;1976;1988;6;25;4;27;0;0;1;1;688
17;19;23;59;1984;0;15;FRG;1980;1976;1988;0;0;10;39;0;0;0;1;688
15;8;9;32;1984;0;8;CHN;1980;1976;1988;0;0;0;0;0;0;0;0;688
14;6;12;32;1984;0;8;ITA;1980;1976;1988;8;15;2;13;0;0;1;1;688
10;18;16;44;1984;0;9;CAN;1980;1976;1988;0;0;0;11;0;0;0;1;688
10;8;14;32;1984;0;8;JPN;1980;1976;1988;0;0;9;25;0;0;0;1;688
8;1;2;11;1984;0;14;NZL;1980;1976;1988;0;0;2;4;0;0;0;1;688
7;4;7;18;1984;0;13;YUG;1980;1976;1988;2;9;2;8;0;0;1;1;688
6;6;7;19;1984;0;14;KOR;1980;1976;1988;0;0;1;6;0;1;0;1;688
5;11;21;37;1984;0;16;GBR;1980;1976;1988;5;21;3;13;0;0;1;1;688
5;7;16;28;1984;0;9;FRA;1980;1976;1988;6;14;2;9;0;0;1;1;688
5;2;6;13;1984;0;14;NED;1980;1976;1988;0;3;0;5;0;0;1;1;688
4;8;12;24;1984;0;12;AUS;1980;1976;1988;2;9;0;5;0;0;1;1;688
4;2;6;12;1984;0;10;FIN;1980;1976;1988;3;8;4;6;0;0;1;1;688
2;11;6;19;1984;0;9;SWE;1980;1976;1988;3;12;4;5;0;0;1;1;688
2;3;1;6;1984;0;9;MEX;1980;1976;1988;0;4;1;2;0;0;1;1;688
2;0;0;2;1984;0;10;MAR;1980;1976;1988;0;0;0;0;0;0;0;0;688
1;5;2;8;1984;0;9;BRA;1980;1976;1988;2;4;0;2;0;0;1;1;688
1;2;2;5;1984;0;8;ESP;1980;1976;1988;1;6;0;2;0;0;1;1;688
1;1;2;4;1984;0;10;BEL;1980;1976;1988;1;1;0;6;0;0;1;1;688
1;1;1;3;1984;0;10;AUT;1980;1976;1988;1;4;0;1;0;0;1;1;688
1;0;2;3;1984;0;8;KEN;1980;1976;1988;0;0;0;0;0;0;0;0;688
1;0;2;3;1984;0;11;POR;1980;1976;1988;0;0;0;2;0;0;0;1;688
1;0;0;1;1984;0;11;PAK;1980;1976;1988;0;0;0;1;0;0;0;1;688
0;4;4;8;1984;0;14;SUI;1980;1976;1988;2;2;1;4;0;0;1;1;688
0;3;3;6;1984;0;10;DEN;1980;1976;1988;2;5;1;3;0;0;1;1;688
0;1;2;3;1984;0;10;JAM;1980;1976;1988;0;3;1;2;0;0;1;1;688
0;1;2;3;1984;0;9;NOR;1980;1976;1988;0;0;1;2;0;0;0;1;688
0;1;1;2;1984;0;9;GRE;1980;1976;1988;1;3;0;0;0;0;1;0;688
0;1;1;2;1984;0;10;NGR;1980;1976;1988;0;0;0;0;0;0;0;0;688
0;1;1;2;1984;0;14;PUR;1980;1976;1988;0;0;0;1;0;0;0;1;688
0;1;0;1;1984;0;11;COL;1980;1976;1988;0;0;0;0;0;0;0;0;688
0;1;0;1;1984;0;8;EGY;1980;1976;1988;0;0;0;0;0;0;0;0;688
0;1;0;1;1984;0;10;IRL;1980;1976;1988;0;2;0;0;0;0;1;0;688
0;1;0;1;1984;0;14;CIV;1980;1976;1988;0;0;0;0;0;0;0;0;688
0;1;0;1;1984;0;7;PER;1980;1976;1988;0;0;0;0;0;0;0;0;688
0;1;0;1;1984;0;8;SYR;1980;1976;1988;0;0;0;0;0;0;0;0;688
0;1;0;1;1984;0;11;THA;1980;1976;1988;0;0;0;1;0;0;0;1;688
0;0;3;3;1984;0;9;TUR;1980;1976;1988;0;0;0;0;0;0;0;0;688
0;0;3;3;1984;0;12;VEN;1980;1976;1988;0;1;0;1;0;0;1;1;688
0;0;2;2;1984;0;10;ALG;1980;1976;1988;0;0;0;0;0;0;0;0;688
0;0;1;1;1984;0;11;CMR;1980;1976;1988;0;0;0;0;0;0;0;0;688
0;0;1;1;1984;0;17;TPE;1980;1976;1988;0;0;0;0;0;0;0;0;688
0;0;1;1;1984;0;21;DOM;1980;1976;1988;0;0;0;0;0;0;0;0;688
0;0;1;1;1984;0;10;ISL;1980;1976;1988;0;0;0;0;0;0;0;0;688
0;0;1;1;1984;0;9;ZAM;1980;1976;1988;0;0;0;0;0;0;0;0;688
55;31;46;132;1988;0;15;URS;1984;1980;1992;0;0;80;195;0;0;0;1;739
37;35;30;102;1988;0;15;GDR;1984;1980;1992;0;0;47;126;0;0;0;1;739
36;31;27;94;1988;0;16;USA;1984;1980;1992;83;174;0;0;1;0;1;0;739
12;10;11;33;1988;1;14;KOR;1984;1980;1992;6;19;0;0;0;0;1;0;739
11;14;15;40;1988;0;15;FRG;1984;1980;1992;17;59;0;0;0;0;1;0;739
11;6;6;23;1988;0;10;HUN;1984;1980;1992;0;0;7;32;0;0;0;1;739
10;12;13;35;1988;0;11;BUL;1984;1980;1992;0;0;8;41;0;0;0;1;739
7;11;6;24;1988;0;10;ROU;1984;1980;1992;20;53;6;25;0;0;1;1;739
6;4;6;16;1988;0;9;FRA;1984;1980;1992;5;28;6;14;0;0;1;1;739
6;4;4;14;1988;0;8;ITA;1984;1980;1992;14;32;8;15;0;0;1;1;739
5;11;12;28;1988;0;8;CHN;1984;1980;1992;15;32;0;0;0;0;1;0;739
5;10;9;24;1988;0;16;GBR;1984;1980;1992;5;37;5;21;0;0;1;1;739
5;2;2;9;1988;0;8;KEN;1984;1980;1992;1;3;0;0;0;0;1;0;739
4;3;7;14;1988;0;8;JPN;1984;1980;1992;10;32;0;0;0;0;1;0;739
3;6;5;14;1988;0;12;AUS;1984;1980;1992;4;24;2;9;0;0;1;1;739
3;4;5;12;1988;0;13;YUG;1984;1980;1992;7;18;2;9;0;0;1;1;739
3;3;2;8;1988;0;17;TCH;1984;1980;1992;0;0;2;14;0;0;0;1;739
3;2;8;13;1988;0;14;NZL;1984;1980;1992;8;11;0;0;0;0;1;0;739
3;2;5;10;1988;0;9;CAN;1984;1980;1992;10;44;0;0;0;0;1;0;739
2;5;9;16;1988;0;9;POL;1984;1980;1992;0;0;3;32;0;0;0;1;739
2;3;0;5;1988;0;9;NOR;1984;1980;1992;0;3;0;0;0;0;1;0;739
2;2;5;9;1988;0;14;NED;1984;1980;1992;5;13;0;3;0;0;1;1;739
2;1;1;4;1988;0;10;DEN;1984;1980;1992;0;6;2;5;0;0;1;1;739
1;2;3;6;1988;0;9;BRA;1984;1980;1992;1;8;2;4;0;0;1;1;739
1;1;2;4;1988;0;10;FIN;1984;1980;1992;4;12;3;8;0;0;1;1;739
1;1;2;4;1988;0;8;ESP;1984;1980;1992;1;5;1;6;0;1;1;1;739
1;1;0;2;1988;0;9;TUR;1984;1980;1992;0;3;0;0;0;0;1;0;739
1;0;2;3;1988;0;10;MAR;1984;1980;1992;2;2;0;0;0;0;1;0;739
1;0;0;1;1988;0;10;AUT;1984;1980;1992;1;3;1;4;0;0;1;1;739
1;0;0;1;1988;0;11;POR;1984;1980;1992;1;3;0;0;0;0;1;0;739
1;0;0;1;1988;0;11;SUR;1984;1980;1992;0;0;0;0;0;0;0;0;739
0;4;7;11;1988;0;9;SWE;1984;1980;1992;2;19;3;12;0;0;1;1;739
0;2;2;4;1988;0;14;SUI;1984;1980;1992;0;8;2;2;0;0;1;1;739
0;2;0;2;1988;0;10;JAM;1984;1980;1992;0;3;0;3;0;0;1;1;739
0;1;1;2;1988;0;12;ARG;1984;1980;1992;0;0;0;0;0;0;0;0;739
0;1;0;1;1988;0;8;CHI;1984;1980;1992;0;0;0;0;0;0;0;0;739
0;1;0;1;1988;0;13;CRC;1984;1980;1992;0;0;0;0;0;0;0;0;739
0;1;0;1;1988;0;12;INA;1984;1980;1992;0;0;0;0;0;0;0;0;739
0;1;0;1;1988;0;7;IRI;1984;1980;1992;0;0;0;0;0;0;0;0;739
0;1;0;1;1988;0;23;AHO;1984;1980;1992;0;0;0;0;0;0;0;0;739
0;1;0;1;1988;0;7;PER;1984;1980;1992;0;1;0;0;0;0;1;0;739
0;1;0;1;1988;0;10;SEN;1984;1980;1992;0;0;0;0;0;0;0;0;739
0;1;0;1;1988;0;17;ISV;1984;1980;1992;0;0;0;0;0;0;0;0;739
0;0;2;2;1988;0;10;BEL;1984;1980;1992;1;4;1;1;0;0;1;1;739
0;0;2;2;1988;0;9;MEX;1984;1980;1992;2;6;0;4;0;0;1;1;739
0;0;1;1;1988;0;11;COL;1984;1980;1992;0;1;0;0;0;0;1;0;739
0;0;1;1;1988;0;11;DJI;1984;1980;1992;0;0;0;0;0;0;0;0;739
0;0;1;1;1988;0;9;GRE;1984;1980;1992;0;2;1;3;0;0;1;1;739
0;0;1;1;1988;0;11;MGL;1984;1980;1992;0;0;0;4;0;0;0;1;739
0;0;1;1;1988;0;11;PAK;1984;1980;1992;1;1;0;0;0;0;1;0;739
0;0;1;1;1988;0;14;PHI;1984;1980;1992;0;0;0;0;0;0;0;0;739
0;0;1;1;1988;0;11;THA;1984;1980;1992;0;1;0;0;0;0;1;0;739
45;38;29;112;1992;0;15;EUN;1988;1984;1996;0;0;0;0;0;0;0;0;815
37;34;37;108;1992;0;16;USA;1988;1984;1996;36;94;83;174;0;1;1;1;815
33;21;28;82;1992;0;10;GER;1988;1984;1996;0;0;0;0;0;0;0;0;815
16;22;16;54;1992;0;8;CHN;1988;1984;1996;5;28;15;32;0;0;1;1;815
14;6;11;31;1992;0;7;CUB;1988;1984;1996;0;0;0;0;0;0;0;0;815
13;7;2;22;1992;1;8;ESP;1988;1984;1996;1;4;1;5;0;0;1;1;815
12;5;12;29;1992;0;14;KOR;1988;1984;1996;12;33;6;19;1;0;1;1;815
11;12;7;30;1992;0;10;HUN;1988;1984;1996;11;23;0;0;0;0;1;0;815
8;5;16;29;1992;0;9;FRA;1988;1984;1996;6;16;5;28;0;0;1;1;815
7;9;11;27;1992;0;12;AUS;1988;1984;1996;3;14;4;24;0;0;1;1;815
7;4;7;18;1992;0;9;CAN;1988;1984;1996;3;10;10;44;0;0;1;1;815
6;5;8;19;1992;0;8;ITA;1988;1984;1996;6;14;14;32;0;0;1;1;815
5;3;12;20;1992;0;16;GBR;1988;1984;1996;5;24;5;37;0;0;1;1;815
4;6;8;18;1992;0;10;ROU;1988;1984;1996;7;24;20;53;0;0;1;1;815
4;2;1;7;1992;0;17;TCH;1988;1984;1996;3;8;0;0;0;0;1;0;815
4;0;5;9;1992;0;14;PRK;1988;1984;1996;0;0;0;0;0;0;0;0;815
3;8;11;22;1992;0;8;JPN;1988;1984;1996;4;14;10;32;0;0;1;1;815
3;7;6;16;1992;0;11;BUL;1988;1984;1996;10;35;0;0;0;0;1;0;815
3;6;10;19;1992;0;9;POL;1988;1984;1996;2;16;0;0;0;0;1;0;815
2;6;7;15;1992;0;14;NED;1988;1984;1996;2;9;5;13;0;0;1;1;815
2;4;2;8;1992;0;8;KEN;1988;1984;1996;5;9;1;3;0;0;1;1;815
2;4;1;7;1992;0;9;NOR;1988;1984;1996;2;5;0;3;0;0;1;1;815
2;2;2;6;1992;0;9;TUR;1988;1984;1996;1;2;0;3;0;0;1;1;815
2;2;1;5;1992;0;12;INA;1988;1984;1996;0;1;0;0;0;0;1;0;815
2;1;0;3;1992;0;9;BRA;1988;1984;1996;1;6;1;8;0;0;1;1;815
2;0;0;2;1992;0;9;GRE;1988;1984;1996;0;1;0;2;0;0;1;1;815
1;7;4;12;1992;0;9;SWE;1988;1984;1996;0;11;2;19;0;0;1;1;815
1;4;5;10;1992;0;14;NZL;1988;1984;1996;3;13;8;11;0;0;1;1;815
1;2;2;5;1992;0;10;FIN;1988;1984;1996;1;4;4;12;0;0;1;1;815
1;1;4;6;1992;0;10;DEN;1988;1984;1996;2;4;0;6;0;0;1;1;815
1;1;1;3;1992;0;10;MAR;1988;1984;1996;1;3;2;2;0;0;1;1;815
1;1;0;2;1992;0;10;IRL;1988;1984;1996;0;0;0;1;0;0;0;1;815
1;0;2;3;1992;0;11;ETH;1988;1984;1996;0;0;0;0;0;0;0;0;815
1;0;1;2;1992;0;10;ALG;1988;1984;1996;0;0;0;2;0;0;0;1;815
1;0;1;2;1992;0;10;EST;1988;1984;1996;0;0;0;0;0;0;0;0;815
1;0;1;2;1992;0;12;LTU;1988;1984;1996;0;0;0;0;0;0;0;0;815
1;0;0;1;1992;0;14;SUI;1988;1984;1996;0;4;0;8;0;0;1;1;815
0;3;1;4;1992;0;10;JAM;1988;1984;1996;0;2;0;3;0;0;1;1;815
0;3;1;4;1992;0;10;NGR;1988;1984;1996;0;0;0;2;0;0;0;1;815
0;2;1;3;1992;0;9;LAT;1988;1984;1996;0;0;0;0;0;0;0;0;815
0;2;0;2;1992;0;10;AUT;1988;1984;1996;1;1;1;3;0;0;1;1;815
0;2;0;2;1992;0;10;NAM;1988;1984;1996;0;0;0;0;0;0;0;0;815
0;2;0;2;1992;0;15;RSA;1988;1984;1996;0;0;0;0;0;0;0;0;815
0;1;2;3;1992;0;10;BEL;1988;1984;1996;0;2;1;4;0;0;1;1;815
0;1;2;3;1992;0;10;CRO;1988;1984;1996;0;0;0;0;0;0;0;0;815
0;1;2;3;1992;0;35;IOP;1988;1984;1996;0;0;0;0;0;0;0;0;815
0;1;2;3;1992;0;7;IRI;1988;1984;1996;0;1;0;0;0;0;1;0;815
0;1;1;2;1992;0;9;ISR;1988;1984;1996;0;0;0;0;0;0;0;0;815
0;1;0;1;1992;0;17;TPE;1988;1984;1996;0;0;0;1;0;0;0;1;815
0;1;0;1;1992;0;9;MEX;1988;1984;1996;0;2;2;6;0;0;1;1;815
0;1;0;1;1992;0;7;PER;1988;1984;1996;0;1;0;1;0;0;1;1;815
0;0;2;2;1992;0;11;MGL;1988;1984;1996;0;1;0;0;0;0;1;0;815
0;0;2;2;1992;0;11;SLO;1988;1984;1996;0;0;0;0;0;0;0;0;815
0;0;1;1;1992;0;12;ARG;1988;1984;1996;0;2;0;0;0;0;1;0;815
0;0;1;1;1992;0;10;BAH;1988;1984;1996;0;0;0;0;0;0;0;0;815
0;0;1;1;1992;0;11;COL;1988;1984;1996;0;1;0;1;0;0;1;1;815
0;0;1;1;1992;0;8;GHA;1988;1984;1996;0;0;0;0;0;0;0;0;815
0;0;1;1;1992;0;11;MAS;1988;1984;1996;0;0;0;0;0;0;0;0;815
0;0;1;1;1992;0;11;PAK;1988;1984;1996;0;1;1;1;0;0;1;1;815
0;0;1;1;1992;0;14;PHI;1988;1984;1996;0;1;0;0;0;0;1;0;815
0;0;1;1;1992;0;14;PUR;1988;1984;1996;0;0;0;2;0;0;0;1;815
0;0;1;1;1992;0;8;QAT;1988;1984;1996;0;0;0;0;0;0;0;0;815
0;0;1;1;1992;0;11;SUR;1988;1984;1996;1;1;0;0;0;0;1;0;815
0;0;1;1;1992;0;11;THA;1988;1984;1996;0;1;0;1;0;0;1;1;815
44;32;25;101;1996;1;16;USA;1992;1988;2000;37;108;36;94;0;0;1;1;842
26;21;16;63;1996;0;9;RUS;1992;1988;2000;0;0;0;0;0;0;0;0;842
20;18;27;65;1996;0;10;GER;1992;1988;2000;33;82;0;0;0;0;1;0;842
16;22;12;50;1996;0;8;CHN;1992;1988;2000;16;54;5;28;0;0;1;1;842
15;7;15;37;1996;0;9;FRA;1992;1988;2000;8;29;6;16;0;0;1;1;842
13;10;12;35;1996;0;8;ITA;1992;1988;2000;6;19;6;14;0;0;1;1;842
9;9;23;41;1996;0;12;AUS;1992;1988;2000;7;27;3;14;0;1;1;1;842
9;8;8;25;1996;0;7;CUB;1992;1988;2000;14;31;0;0;0;0;1;0;842
9;2;12;23;1996;0;10;UKR;1992;1988;2000;0;0;0;0;0;0;0;0;842
7;15;5;27;1996;0;14;KOR;1992;1988;2000;12;29;12;33;0;0;1;1;842
7;5;5;17;1996;0;9;POL;1992;1988;2000;3;19;2;16;0;0;1;1;842
7;4;10;21;1996;0;10;HUN;1992;1988;2000;11;30;11;23;0;0;1;1;842
5;6;6;17;1996;0;8;ESP;1992;1988;2000;13;22;1;4;1;0;1;1;842
4;7;9;20;1996;0;10;ROU;1992;1988;2000;4;18;7;24;0;0;1;1;842
4;5;10;19;1996;0;14;NED;1992;1988;2000;2;15;2;9;0;0;1;1;842
4;4;0;8;1996;0;9;GRE;1992;1988;2000;2;2;0;1;0;0;1;1;842
4;3;4;11;1996;0;17;CZE;1992;1988;2000;0;0;0;0;0;0;0;0;842
4;3;0;7;1996;0;14;SUI;1992;1988;2000;1;1;0;4;0;0;1;1;842
4;1;1;6;1996;0;10;DEN;1992;1988;2000;1;6;2;4;0;0;1;1;842
4;1;1;6;1996;0;9;TUR;1992;1988;2000;2;6;1;2;0;0;1;1;842
3;11;8;22;1996;0;9;CAN;1992;1988;2000;7;18;3;10;0;0;1;1;842
3;7;5;15;1996;0;11;BUL;1992;1988;2000;3;16;10;35;0;0;1;1;842
3;6;5;14;1996;0;8;JPN;1992;1988;2000;3;22;4;14;0;0;1;1;842
3;4;4;11;1996;0;13;KAZ;1992;1988;2000;0;0;0;0;0;0;0;0;842
3;3;9;15;1996;0;9;BRA;1992;1988;2000;2;3;1;6;0;0;1;1;842
3;2;1;6;1996;0;14;NZL;1992;1988;2000;1;10;3;13;0;0;1;1;842
3;1;1;5;1996;0;15;RSA;1992;1988;2000;0;2;0;0;0;0;1;0;842
3;0;1;4;1996;0;10;IRL;1992;1988;2000;1;2;0;0;0;0;1;0;842
2;4;2;8;1996;0;9;SWE;1992;1988;2000;1;12;0;11;0;0;1;1;842
2;2;3;7;1996;0;9;NOR;1992;1988;2000;2;7;2;5;0;0;1;1;842
2;2;2;6;1996;0;10;BEL;1992;1988;2000;0;3;0;2;0;0;1;1;842
2;1;3;6;1996;0;10;NGR;1992;1988;2000;0;4;0;0;0;0;1;0;842
2;1;2;5;1996;0;14;PRK;1992;1988;2000;4;9;0;0;0;0;1;0;842
2;0;1;3;1996;0;10;ALG;1992;1988;2000;1;2;0;0;0;0;1;0;842
2;0;1;3;1996;0;11;ETH;1992;1988;2000;1;3;0;0;0;0;1;0;842
1;8;6;15;1996;0;16;GBR;1992;1988;2000;5;20;5;24;0;0;1;1;842
1;6;8;15;1996;0;10;BLR;1992;1988;2000;0;0;0;0;0;0;0;0;842
1;4;3;8;1996;0;8;KEN;1992;1988;2000;2;8;5;9;0;0;1;1;842
1;3;2;6;1996;0;10;JAM;1992;1988;2000;0;4;0;2;0;0;1;1;842
1;2;1;4;1996;0;10;FIN;1992;1988;2000;1;5;1;4;0;0;1;1;842
1;1;2;4;1996;0;12;INA;1992;1988;2000;2;5;0;1;0;0;1;1;842
1;1;2;4;1996;0;13;YUG;1992;1988;2000;0;0;3;12;0;0;0;1;842
1;1;1;3;1996;0;7;IRI;1992;1988;2000;0;3;0;1;0;0;1;1;842
1;1;1;3;1996;0;11;SVK;1992;1988;2000;0;0;0;0;0;0;0;0;842
1;1;0;2;1996;0;10;ARM;1992;1988;2000;0;0;0;0;0;0;0;0;842
1;1;0;2;1996;0;10;CRO;1992;1988;2000;0;3;0;0;0;0;1;0;842
1;0;1;2;1996;0;11;POR;1992;1988;2000;0;0;1;1;0;0;0;1;842
1;0;1;2;1996;0;11;THA;1992;1988;2000;0;1;0;1;0;0;1;1;842
1;0;0;1;1996;0;10;BDI;1992;1988;2000;0;0;0;0;0;0;0;0;842
1;0;0;1;1996;0;13;CRC;1992;1988;2000;0;0;0;1;0;0;0;1;842
1;0;0;1;1996;0;10;ECU;1992;1988;2000;0;0;0;0;0;0;0;0;842
1;0;0;1;1996;0;12;HKG;1992;1988;2000;0;0;0;0;0;0;0;0;842
1;0;0;1;1996;0;8;SYR;1992;1988;2000;0;0;0;0;0;0;0;0;842
0;2;1;3;1996;0;12;ARG;1992;1988;2000;0;1;0;2;0;0;1;1;842
0;2;0;2;1996;0;10;NAM;1992;1988;2000;0;2;0;0;0;0;1;0;842
0;2;0;2;1996;0;11;SLO;1992;1988;2000;0;2;0;0;0;0;1;0;842
0;1;2;3;1996;0;10;AUT;1992;1988;2000;0;2;1;1;0;0;1;1;842
0;1;1;2;1996;0;11;MAS;1992;1988;2000;0;1;0;0;0;0;1;0;842
0;1;1;2;1996;0;10;MDA;1992;1988;2000;0;0;0;0;0;0;0;0;842
0;1;1;2;1996;0;13;UZB;1992;1988;2000;0;0;0;0;0;0;0;0;842
0;1;0;1;1996;0;13;AZE;1992;1988;2000;0;0;0;0;0;0;0;0;842
0;1;0;1;1996;0;10;BAH;1992;1988;2000;0;1;0;0;0;0;1;0;842
0;1;0;1;1996;0;17;TPE;1992;1988;2000;0;1;0;0;0;0;1;0;842
0;1;0;1;1996;0;9;LAT;1992;1988;2000;0;3;0;0;0;0;1;0;842
0;1;0;1;1996;0;14;PHI;1992;1988;2000;0;1;0;1;0;0;1;1;842
0;1;0;1;1996;0;8;TGA;1992;1988;2000;0;0;0;0;0;0;0;0;842
0;1;0;1;1996;0;9;ZAM;1992;1988;2000;0;0;0;0;0;0;0;0;842
0;0;2;2;1996;0;10;GEO;1992;1988;2000;0;0;0;0;0;0;0;0;842
0;0;2;2;1996;0;10;MAR;1992;1988;2000;1;3;1;3;0;0;1;1;842
0;0;2;2;1996;0;22;TRI;1992;1988;2000;0;0;0;0;0;0;0;0;842
0;0;1;1;1996;0;8;IND;1992;1988;2000;0;0;0;0;0;0;0;0;842
0;0;1;1;1996;0;9;ISR;1992;1988;2000;0;2;0;0;0;0;1;0;842
0;0;1;1;1996;0;12;LTU;1992;1988;2000;1;2;0;0;0;0;1;0;842
0;0;1;1;1996;0;9;MEX;1992;1988;2000;0;1;0;2;0;0;1;1;842
0;0;1;1;1996;0;11;MGL;1992;1988;2000;0;2;0;1;0;0;1;1;842
0;0;1;1;1996;0;13;MOZ;1992;1988;2000;0;0;0;0;0;0;0;0;842
0;0;1;1;1996;0;14;PUR;1992;1988;2000;0;1;0;0;0;0;1;0;842
0;0;1;1;1996;0;10;TUN;1992;1988;2000;0;0;0;0;0;0;0;0;842
0;0;1;1;1996;0;9;UGA;1992;1988;2000;0;0;0;0;0;0;0;0;842
37;24;32;93;2000;0;16;USA;1996;1992;2004;44;101;37;108;1;0;1;1;927
32;28;29;89;2000;0;9;RUS;1996;1992;2004;26;63;0;0;0;0;1;0;927
28;16;14;58;2000;0;8;CHN;1996;1992;2004;16;50;16;54;0;0;1;1;927
16;25;17;58;2000;1;12;AUS;1996;1992;2004;9;41;7;27;0;0;1;1;927
13;17;26;56;2000;0;10;GER;1996;1992;2004;20;65;33;82;0;0;1;1;927
13;14;11;38;2000;0;9;FRA;1996;1992;2004;15;37;8;29;0;0;1;1;927
13;8;13;34;2000;0;8;ITA;1996;1992;2004;13;35;6;19;0;0;1;1;927
12;9;4;25;2000;0;14;NED;1996;1992;2004;4;19;2;15;0;0;1;1;927
11;11;7;29;2000;0;7;CUB;1996;1992;2004;9;25;14;31;0;0;1;1;927
11;10;7;28;2000;0;16;GBR;1996;1992;2004;1;15;5;20;0;0;1;1;927
11;6;9;26;2000;0;10;ROU;1996;1992;2004;4;20;4;18;0;0;1;1;927
8;10;10;28;2000;0;14;KOR;1996;1992;2004;7;27;12;29;0;0;1;1;927
8;6;3;17;2000;0;10;HUN;1996;1992;2004;7;21;11;30;0;0;1;1;927
6;5;3;14;2000;0;9;POL;1996;1992;2004;7;17;3;19;0;0;1;1;927
5;8;5;18;2000;0;8;JPN;1996;1992;2004;3;14;3;22;0;0;1;1;927
5;6;2;13;2000;0;11;BUL;1996;1992;2004;3;15;3;16;0;0;1;1;927
4;6;3;13;2000;0;9;GRE;1996;1992;2004;4;8;2;2;0;1;1;1;927
4;5;3;12;2000;0;9;SWE;1996;1992;2004;2;8;1;12;0;0;1;1;927
4;3;3;10;2000;0;9;NOR;1996;1992;2004;2;7;2;7;0;0;1;1;927
4;1;3;8;2000;0;11;ETH;1996;1992;2004;2;3;1;3;0;0;1;1;927
3;10;10;23;2000;0;10;UKR;1996;1992;2004;9;23;0;0;0;0;1;0;927
3;4;0;7;2000;0;13;KAZ;1996;1992;2004;3;11;0;0;0;0;1;0;927
3;3;11;17;2000;0;10;BLR;1996;1992;2004;1;15;0;0;0;0;1;0;927
3;3;8;14;2000;0;9;CAN;1996;1992;2004;3;22;7;18;0;0;1;1;927
3;3;5;11;2000;0;8;ESP;1996;1992;2004;5;17;13;22;0;0;1;1;927
3;0;2;5;2000;0;9;TUR;1996;1992;2004;4;6;2;6;0;0;1;1;927
3;0;1;4;2000;0;7;IRI;1996;1992;2004;1;3;0;3;0;0;1;1;927
2;3;3;8;2000;0;17;CZE;1996;1992;2004;4;11;0;0;0;0;1;0;927
2;3;2;7;2000;0;8;KEN;1996;1992;2004;1;8;2;8;0;0;1;1;927
2;3;1;6;2000;0;10;DEN;1996;1992;2004;4;6;1;6;0;0;1;1;927
2;1;1;4;2000;0;10;FIN;1996;1992;2004;1;4;1;5;0;0;1;1;927
2;1;0;3;2000;0;10;AUT;1996;1992;2004;0;3;0;2;0;0;1;1;927
2;0;3;5;2000;0;12;LTU;1996;1992;2004;0;1;1;2;0;0;1;1;927
2;0;1;3;2000;0;13;AZE;1996;1992;2004;0;1;0;0;0;0;1;0;927
2;0;1;3;2000;0;10;BAH;1996;1992;2004;0;1;0;1;0;0;1;1;927
2;0;0;2;2000;0;11;SLO;1996;1992;2004;0;2;0;2;0;0;1;1;927
1;6;2;9;2000;0;14;SUI;1996;1992;2004;4;7;1;1;0;0;1;1;927
1;3;2;6;2000;0;12;INA;1996;1992;2004;1;4;2;5;0;0;1;1;927
1;3;1;5;2000;0;11;SVK;1996;1992;2004;1;3;0;0;0;0;1;0;927
1;2;3;6;2000;0;9;MEX;1996;1992;2004;0;1;0;1;0;0;1;1;927
1;2;0;3;2000;0;10;NGR;1996;1992;2004;2;6;0;4;0;0;1;1;927
1;1;3;5;2000;0;10;ALG;1996;1992;2004;2;3;1;2;0;0;1;1;927
1;1;2;4;2000;0;13;UZB;1996;1992;2004;0;2;0;0;0;0;1;0;927
1;1;1;3;2000;0;9;LAT;1996;1992;2004;0;1;0;3;0;0;1;1;927
1;1;1;3;2000;0;13;YUG;1996;1992;2004;1;4;0;0;0;0;1;0;927
1;0;3;4;2000;0;14;NZL;1996;1992;2004;3;6;1;10;0;0;1;1;927
1;0;2;3;2000;0;10;EST;1996;1992;2004;0;0;1;2;0;0;0;1;927
1;0;2;3;2000;0;11;THA;1996;1992;2004;1;2;0;1;0;0;1;1;927
1;0;1;2;2000;0;10;CRO;1996;1992;2004;1;2;0;3;0;0;1;1;927
1;0;0;1;2000;0;11;CMR;1996;1992;2004;0;0;0;0;0;0;0;0;927
1;0;0;1;2000;0;11;COL;1996;1992;2004;0;0;0;1;0;0;0;1;927
1;0;0;1;2000;0;13;MOZ;1996;1992;2004;0;1;0;0;0;0;1;0;927
0;6;6;12;2000;0;9;BRA;1996;1992;2004;3;15;2;3;0;0;1;1;927
0;6;3;9;2000;0;10;JAM;1996;1992;2004;1;6;0;4;0;0;1;1;927
0;2;3;5;2000;0;10;BEL;1996;1992;2004;2;6;0;3;0;0;1;1;927
0;2;3;5;2000;0;15;RSA;1996;1992;2004;3;5;0;2;0;0;1;1;927
0;2;2;4;2000;0;12;ARG;1996;1992;2004;0;3;0;1;0;0;1;1;927
0;1;4;5;2000;0;17;TPE;1996;1992;2004;0;1;0;1;0;0;1;1;927
0;1;4;5;2000;0;10;MAR;1996;1992;2004;0;2;1;3;0;0;1;1;927
0;1;3;4;2000;0;14;PRK;1996;1992;2004;2;5;4;9;0;0;1;1;927
0;1;1;2;2000;0;10;MDA;1996;1992;2004;0;2;0;0;0;0;1;0;927
0;1;1;2;2000;0;15;KSA;1996;1992;2004;0;0;0;0;0;0;0;0;927
0;1;1;2;2000;0;22;TRI;1996;1992;2004;0;2;0;0;0;0;1;0;927
0;1;0;1;2000;0;10;IRL;1996;1992;2004;3;4;1;2;0;0;1;1;927
0;1;0;1;2000;0;12;SRI;1996;1992;2004;0;0;0;0;0;0;0;0;927
0;1;0;1;2000;0;10;URU;1996;1992;2004;0;0;0;0;0;0;0;0;927
0;1;0;1;2000;0;10;VIE;1996;1992;2004;0;0;0;0;0;0;0;0;927
0;0;6;6;2000;0;10;GEO;1996;1992;2004;0;2;0;0;0;0;1;0;927
0;0;2;2;2000;0;13;CRC;1996;1992;2004;1;1;0;0;0;0;1;0;927
0;0;2;2;2000;0;11;POR;1996;1992;2004;1;2;0;0;0;0;1;0;927
0;0;1;1;2000;0;10;ARM;1996;1992;2004;1;2;0;0;0;0;1;0;927
0;0;1;1;2000;0;11;BAR;1996;1992;2004;0;0;0;0;0;0;0;0;927
0;0;1;1;2000;0;8;CHI;1996;1992;2004;0;0;0;0;0;0;0;0;927
0;0;1;1;2000;0;10;ISL;1996;1992;2004;0;0;0;0;0;0;0;0;927
0;0;1;1;2000;0;8;IND;1996;1992;2004;0;1;0;0;0;0;1;0;927
0;0;1;1;2000;0;9;ISR;1996;1992;2004;0;1;0;2;0;0;1;1;927
0;0;1;1;2000;0;9;KUW;1996;1992;2004;0;0;0;0;0;0;0;0;927
0;0;1;1;2000;0;13;KGZ;1996;1992;2004;0;0;0;0;0;0;0;0;927
0;0;1;1;2000;0;12;MKD;1996;1992;2004;0;0;0;0;0;0;0;0;927
0;0;1;1;2000;0;8;QAT;1996;1992;2004;0;0;0;1;0;0;0;1;927
36;39;26;101;2004;0;16;USA;2000;1996;2008;37;93;44;101;0;0;1;1;927
32;17;14;63;2004;0;8;CHN;2000;1996;2008;28;58;16;50;0;1;1;1;927
28;26;36;90;2004;0;9;RUS;2000;1996;2008;32;89;26;63;0;0;1;1;927
17;16;17;50;2004;0;12;AUS;2000;1996;2008;16;58;9;41;1;0;1;1;927
16;9;12;37;2004;0;8;JPN;2000;1996;2008;5;18;3;14;0;0;1;1;927
13;16;20;49;2004;0;10;GER;2000;1996;2008;13;56;20;65;0;0;1;1;927
11;9;13;33;2004;0;9;FRA;2000;1996;2008;13;38;15;37;0;0;1;1;927
10;11;11;32;2004;0;8;ITA;2000;1996;2008;13;34;13;35;0;0;1;1;927
9;12;9;30;2004;0;14;KOR;2000;1996;2008;8;28;7;27;0;0;1;1;927
9;9;12;30;2004;0;16;GBR;2000;1996;2008;11;28;1;15;0;0;1;1;927
9;7;11;27;2004;0;7;CUB;2000;1996;2008;11;29;9;25;0;0;1;1;927
8;6;3;17;2004;0;10;HUN;2000;1996;2008;8;17;7;21;0;0;1;1;927
8;5;9;22;2004;0;10;UKR;2000;1996;2008;3;23;9;23;0;0;1;1;927
8;5;6;19;2004;0;10;ROU;2000;1996;2008;11;26;4;20;0;0;1;1;927
6;6;4;16;2004;1;9;GRE;2000;1996;2008;4;13;4;8;0;0;1;1;927
5;2;3;10;2004;0;9;BRA;2000;1996;2008;0;12;3;15;0;0;1;1;927
5;0;1;6;2004;0;9;NOR;2000;1996;2008;4;10;2;7;0;0;1;1;927
4;9;9;22;2004;0;14;NED;2000;1996;2008;12;25;4;19;0;0;1;1;927
4;2;1;7;2004;0;9;SWE;2000;1996;2008;4;12;2;8;0;0;1;1;927
3;11;6;20;2004;0;8;ESP;2000;1996;2008;3;11;5;17;0;0;1;1;927
3;6;3;12;2004;0;9;CAN;2000;1996;2008;3;14;3;22;0;0;1;1;927
3;3;5;11;2004;0;9;TUR;2000;1996;2008;3;5;4;6;0;0;1;1;927
3;2;5;10;2004;0;9;POL;2000;1996;2008;6;14;7;17;0;0;1;1;927
3;2;0;5;2004;0;14;NZL;2000;1996;2008;1;4;3;6;0;0;1;1;927
3;1;4;8;2004;0;11;THA;2000;1996;2008;1;3;1;2;0;0;1;1;927
2;5;6;13;2004;0;10;BLR;2000;1996;2008;3;17;1;15;0;0;1;1;927
2;4;1;7;2004;0;10;AUT;2000;1996;2008;2;3;0;3;0;0;1;1;927
2;3;2;7;2004;0;11;ETH;2000;1996;2008;4;8;2;3;0;0;1;1;927
2;2;2;6;2004;0;7;IRI;2000;1996;2008;3;4;1;3;0;0;1;1;927
2;2;2;6;2004;0;11;SVK;2000;1996;2008;1;5;1;3;0;0;1;1;927
2;2;1;5;2004;0;17;TPE;2000;1996;2008;0;5;0;1;0;0;1;1;927
2;2;0;4;2004;0;10;GEO;2000;1996;2008;0;6;0;2;0;0;1;1;927
2;1;9;12;2004;0;11;BUL;2000;1996;2008;5;13;3;15;0;0;1;1;927
2;1;5;8;2004;0;10;DEN;2000;1996;2008;2;6;4;6;0;0;1;1;927
2;1;2;5;2004;0;10;JAM;2000;1996;2008;0;9;1;6;0;0;1;1;927
2;1;2;5;2004;0;13;UZB;2000;1996;2008;1;4;0;2;0;0;1;1;927
2;1;0;3;2004;0;10;MAR;2000;1996;2008;0;5;0;2;0;0;1;1;927
2;0;4;6;2004;0;12;ARG;2000;1996;2008;0;4;0;3;0;0;1;1;927
2;0;1;3;2004;0;8;CHI;2000;1996;2008;0;1;0;0;0;0;1;0;927
1;4;3;8;2004;0;13;KAZ;2000;1996;2008;3;7;3;11;0;0;1;1;927
1;4;2;7;2004;0;8;KEN;2000;1996;2008;2;7;1;8;0;0;1;1;927
1;3;5;9;2004;0;17;CZE;2000;1996;2008;2;8;4;11;0;0;1;1;927
1;3;2;6;2004;0;15;RSA;2000;1996;2008;0;5;3;5;0;0;1;1;927
1;2;2;5;2004;0;10;CRO;2000;1996;2008;1;2;1;2;0;0;1;1;927
1;2;0;3;2004;0;12;LTU;2000;1996;2008;2;5;0;1;0;0;1;1;927
1;1;3;5;2004;0;8;EGY;2000;1996;2008;0;0;0;0;0;0;0;0;927
1;1;3;5;2004;0;14;SUI;2000;1996;2008;1;9;4;7;0;0;1;1;927
1;1;2;4;2004;0;12;INA;2000;1996;2008;1;6;1;4;0;0;1;1;927
1;1;1;3;2004;0;11;ZIM;2000;1996;2008;0;0;0;0;0;0;0;0;927
1;0;4;5;2004;0;13;AZE;2000;1996;2008;2;3;0;1;0;0;1;1;927
1;0;2;3;2004;0;10;BEL;2000;1996;2008;0;5;2;6;0;0;1;1;927
1;0;1;2;2004;0;10;BAH;2000;1996;2008;2;3;0;1;0;0;1;1;927
1;0;1;2;2004;0;9;ISR;2000;1996;2008;0;1;0;1;0;0;1;1;927
1;0;0;1;2004;0;11;CMR;2000;1996;2008;1;1;0;0;0;0;1;0;927
1;0;0;1;2004;0;21;DOM;2000;1996;2008;0;0;0;0;0;0;0;0;927
1;0;0;1;2004;0;23;UAE;2000;1996;2008;0;0;0;0;0;0;0;0;927
0;4;1;5;2004;0;14;PRK;2000;1996;2008;0;4;2;5;0;0;1;1;927
0;4;0;4;2004;0;9;LAT;2000;1996;2008;1;3;0;1;0;0;1;1;927
0;3;1;4;2004;0;9;MEX;2000;1996;2008;1;6;0;1;0;0;1;1;927
0;2;1;3;2004;0;11;POR;2000;1996;2008;0;2;1;2;0;0;1;1;927
0;2;0;2;2004;0;10;FIN;2000;1996;2008;2;4;1;4;0;0;1;1;927
0;2;0;2;2004;0;24;SCG;2000;1996;2008;0;0;0;0;0;0;0;0;927
0;1;3;4;2004;0;11;SLO;2000;1996;2008;2;2;0;2;0;0;1;1;927
0;1;2;3;2004;0;10;EST;2000;1996;2008;1;3;0;0;0;0;1;0;927
0;1;0;1;2004;0;12;HKG;2000;1996;2008;0;0;1;1;0;0;0;1;927
0;1;0;1;2004;0;8;IND;2000;1996;2008;0;1;0;1;0;0;1;1;927
0;1;0;1;2004;0;11;PAR;2000;1996;2008;0;0;0;0;0;0;0;0;927
0;0;2;2;2004;0;11;COL;2000;1996;2008;1;1;0;0;0;0;1;0;927
0;0;2;2;2004;0;10;NGR;2000;1996;2008;1;3;2;6;0;0;1;1;927
0;0;2;2;2004;0;12;VEN;2000;1996;2008;0;0;0;0;0;0;0;0;927
0;0;1;1;2004;0;10;ERI;2000;1996;2008;0;0;0;0;0;0;0;0;927
0;0;1;1;2004;0;11;MGL;2000;1996;2008;0;0;0;1;0;0;0;1;927
0;0;1;1;2004;0;8;SYR;2000;1996;2008;0;0;1;1;0;0;0;1;927
0;0;1;1;2004;0;22;TRI;2000;1996;2008;0;2;0;2;0;0;1;1;927
48;22;30;100;2008;1;8;CHN;2004;2000;2012;32;63;28;58;0;0;1;1;958
36;39;37;112;2008;0;16;USA;2004;2000;2012;36;101;37;93;0;0;1;1;958
24;13;23;60;2008;0;9;RUS;2004;2000;2012;28;90;32;89;0;0;1;1;958
19;13;19;51;2008;0;16;GBR;2004;2000;2012;9;30;11;28;0;1;1;1;958
16;11;14;41;2008;0;10;GER;2004;2000;2012;13;49;13;56;0;0;1;1;958
14;15;17;46;2008;0;12;AUS;2004;2000;2012;17;50;16;58;0;0;1;1;958
13;11;8;32;2008;0;14;KOR;2004;2000;2012;9;30;8;28;0;0;1;1;958
9;8;8;25;2008;0;8;JPN;2004;2000;2012;16;37;5;18;0;0;1;1;958
8;9;10;27;2008;0;8;ITA;2004;2000;2012;10;32;13;34;0;0;1;1;958
7;16;20;43;2008;0;9;FRA;2004;2000;2012;11;33;13;38;0;0;1;1;958
7;5;4;16;2008;0;14;NED;2004;2000;2012;4;22;12;25;0;0;1;1;958
7;4;11;22;2008;0;10;UKR;2004;2000;2012;8;22;3;23;0;0;1;1;958
6;4;6;16;2008;0;8;KEN;2004;2000;2012;1;7;2;7;0;0;1;1;958
5;11;3;19;2008;0;8;ESP;2004;2000;2012;3;20;3;11;0;0;1;1;958
5;4;2;11;2008;0;10;JAM;2004;2000;2012;2;5;0;9;0;0;1;1;958
4;5;2;11;2008;0;9;POL;2004;2000;2012;3;10;6;14;0;0;1;1;958
4;2;1;7;2008;0;11;ETH;2004;2000;2012;2;7;4;8;0;0;1;1;958
4;1;4;9;2008;0;10;ROU;2004;2000;2012;8;19;11;26;0;0;1;1;958
3;10;17;30;2008;0;7;CUB;2004;2000;2012;9;27;11;29;0;0;1;1;958
3;9;8;20;2008;0;9;CAN;2004;2000;2012;3;12;3;14;0;0;1;1;958
3;5;2;10;2008;0;10;HUN;2004;2000;2012;8;17;8;17;0;0;1;1;958
3;5;1;9;2008;0;9;NOR;2004;2000;2012;5;6;4;10;0;0;1;1;958
3;4;10;17;2008;0;9;BRA;2004;2000;2012;5;10;0;12;0;0;1;1;958
3;4;7;14;2008;0;10;BLR;2004;2000;2012;2;13;3;17;0;0;1;1;958
3;3;1;7;2008;0;17;CZE;2004;2000;2012;1;9;2;8;0;0;1;1;958
3;3;0;6;2008;0;11;SVK;2004;2000;2012;2;6;1;5;0;0;1;1;958
3;2;4;9;2008;0;14;NZL;2004;2000;2012;3;5;1;4;0;0;1;1;958
3;2;2;7;2008;0;10;GEO;2004;2000;2012;2;4;0;6;0;0;1;1;958
2;3;4;9;2008;0;13;KAZ;2004;2000;2012;1;8;3;7;0;0;1;1;958
2;2;3;7;2008;0;10;DEN;2004;2000;2012;2;8;2;6;0;0;1;1;958
2;2;2;6;2008;0;14;PRK;2004;2000;2012;0;5;0;4;0;0;1;1;958
2;2;2;6;2008;0;11;THA;2004;2000;2012;3;8;1;3;0;0;1;1;958
2;2;0;4;2008;0;11;MGL;2004;2000;2012;0;1;0;0;0;0;1;0;958
2;1;4;7;2008;0;14;SUI;2004;2000;2012;1;5;1;9;0;0;1;1;958
2;0;4;6;2008;0;12;ARG;2004;2000;2012;2;6;0;4;0;0;1;1;958
2;0;2;4;2008;0;9;MEX;2004;2000;2012;0;4;1;6;0;0;1;1;958
2;0;0;2;2008;0;10;BEL;2004;2000;2012;1;3;0;5;0;0;1;1;958
1;3;0;4;2008;0;11;ZIM;2004;2000;2012;1;3;0;0;0;0;1;0;958
1;2;2;5;2008;0;11;SLO;2004;2000;2012;0;4;2;2;0;0;1;1;958
1;1;4;6;2008;0;13;AZE;2004;2000;2012;1;5;2;3;0;0;1;1;958
1;1;4;6;2008;0;12;INA;2004;2000;2012;1;4;1;6;0;0;1;1;958
1;1;3;5;2008;0;11;BUL;2004;2000;2012;2;12;5;13;0;0;1;1;958
1;1;3;5;2008;0;9;TUR;2004;2000;2012;3;11;3;5;0;0;1;1;958
1;1;2;4;2008;0;17;TPE;2004;2000;2012;2;5;0;5;0;0;1;1;958
1;1;2;4;2008;0;10;FIN;2004;2000;2012;0;2;2;4;0;0;1;1;958
1;1;1;3;2008;0;9;LAT;2004;2000;2012;0;4;1;3;0;0;1;1;958
1;1;0;2;2008;0;21;DOM;2004;2000;2012;1;1;0;0;0;0;1;0;958
1;1;0;2;2008;0;10;EST;2004;2000;2012;0;3;1;3;0;0;1;1;958
1;1;0;2;2008;0;11;POR;2004;2000;2012;0;3;0;2;0;0;1;1;958
1;1;0;2;2008;0;22;TTO;2004;2000;2012;0;0;0;0;0;0;0;0;958
1;0;2;3;2008;0;8;IND;2004;2000;2012;0;1;0;1;0;0;1;1;958
1;0;1;2;2008;0;7;IRI;2004;2000;2012;2;6;3;4;0;0;1;1;958
1;0;0;1;2008;0;11;CMR;2004;2000;2012;1;1;1;1;0;0;1;1;958
1;0;0;1;2008;0;9;PAN;2004;2000;2012;0;0;0;0;0;0;0;0;958
1;0;0;1;2008;0;10;TUN;2004;2000;2012;0;0;0;0;0;0;0;0;958
0;4;1;5;2008;0;9;SWE;2004;2000;2012;4;7;4;12;0;0;1;1;958
0;3;2;5;2008;0;12;LTU;2004;2000;2012;1;3;2;5;0;0;1;1;958
0;3;2;5;2008;0;10;NGR;2004;2000;2012;0;2;1;3;0;0;1;1;958
0;2;3;5;2008;0;10;CRO;2004;2000;2012;1;5;1;2;0;0;1;1;958
0;2;1;3;2008;0;11;COL;2004;2000;2012;0;2;1;1;0;0;1;1;958
0;2;1;3;2008;0;9;GRE;2004;2000;2012;6;16;4;13;1;0;1;1;958
0;1;4;5;2008;0;10;ARM;2004;2000;2012;0;0;0;1;0;0;0;1;958
0;1;3;4;2008;0;13;UZB;2004;2000;2012;2;5;1;4;0;0;1;1;958
0;1;2;3;2008;0;10;AUT;2004;2000;2012;2;7;2;3;0;0;1;1;958
0;1;2;3;2008;0;10;IRL;2004;2000;2012;0;0;0;1;0;0;0;1;958
0;1;2;3;2008;0;13;KGZ;2004;2000;2012;0;0;0;1;0;0;0;1;958
0;1;2;3;2008;0;9;SRB;2004;2000;2012;0;0;0;0;0;0;0;0;958
0;1;1;2;2008;0;10;ALG;2004;2000;2012;0;0;1;5;0;0;0;1;958
0;1;1;2;2008;0;10;BAH;2004;2000;2012;1;2;2;3;0;0;1;1;958
0;1;1;2;2008;0;10;MAR;2004;2000;2012;2;3;0;5;0;0;1;1;958
0;1;1;2;2008;0;13;TJK;2004;2000;2012;0;0;0;0;0;0;0;0;958
0;1;0;1;2008;0;8;CHI;2004;2000;2012;2;3;0;1;0;0;1;1;958
0;1;0;1;2008;0;10;ECU;2004;2000;2012;0;0;0;0;0;0;0;0;958
0;1;0;1;2008;0;10;ISL;2004;2000;2012;0;0;0;1;0;0;0;1;958
0;1;0;1;2008;0;11;MAS;2004;2000;2012;0;0;0;0;0;0;0;0;958
0;1;0;1;2008;0;8;SAM;2004;2000;2012;0;0;0;0;0;0;0;0;958
0;1;0;1;2008;0;12;SIN;2004;2000;2012;0;0;0;0;0;0;0;0;958
0;1;0;1;2008;0;15;RSA;2004;2000;2012;1;6;0;5;0;0;1;1;958
0;1;0;1;2008;0;8;SUD;2004;2000;2012;0;0;0;0;0;0;0;0;958
0;1;0;1;2008;0;10;VIE;2004;2000;2012;0;0;0;1;0;0;0;1;958
0;0;2;2;2008;0;8;EGY;2004;2000;2012;1;5;0;0;0;0;1;0;958
0;0;1;1;2008;0;14;AFG;2004;2000;2012;0;0;0;0;0;0;0;0;958
0;0;1;1;2008;0;9;ISR;2004;2000;2012;1;2;0;1;0;0;1;1;958
0;0;1;1;2008;0;12;MRI;2004;2000;2012;0;0;0;0;0;0;0;0;958
0;0;1;1;2008;0;10;MDA;2004;2000;2012;0;0;0;2;0;0;0;1;958
0;0;1;1;2008;0;7;TOG;2004;2000;2012;0;0;0;0;0;0;0;0;958
0;0;1;1;2008;0;12;VEN;2004;2000;2012;0;2;0;0;0;0;1;0;958
46;28;30;104;2012;0;16;USA;2008;2004;2016;36;112;36;101;0;0;1;1;960
38;31;22;91;2012;0;8;CHN;2008;2004;2016;48;100;32;63;1;0;1;1;960
29;17;19;65;2012;1;16;GBR;2008;2004;2016;19;51;9;30;0;0;1;1;960
20;20;28;68;2012;0;9;RUS;2008;2004;2016;24;60;28;90;0;0;1;1;960
13;9;8;30;2012;0;14;KOR;2008;2004;2016;13;32;9;30;0;0;1;1;960
11;20;13;44;2012;0;10;GER;2008;2004;2016;16;41;13;49;0;0;1;1;960
11;11;13;35;2012;0;9;FRA;2008;2004;2016;7;43;11;33;0;0;1;1;960
8;15;12;35;2012;0;12;AUS;2008;2004;2016;14;46;17;50;0;0;1;1;960
8;9;11;28;2012;0;8;ITA;2008;2004;2016;8;27;10;32;0;0;1;1;960
8;4;6;18;2012;0;10;HUN;2008;2004;2016;3;10;8;17;0;0;1;1;960
7;14;17;38;2012;0;8;JPN;2008;2004;2016;9;25;16;37;0;0;1;1;960
7;5;1;13;2012;0;7;IRI;2008;2004;2016;1;2;2;6;0;0;1;1;960
6;6;8;20;2012;0;14;NED;2008;2004;2016;7;16;4;22;0;0;1;1;960
6;2;5;13;2012;0;14;NZL;2008;2004;2016;3;9;3;5;0;0;1;1;960
5;4;10;19;2012;0;10;UKR;2008;2004;2016;7;22;8;22;0;0;1;1;960
5;3;7;15;2012;0;7;CUB;2008;2004;2016;3;30;9;27;0;0;1;1;960
4;10;5;19;2012;0;8;ESP;2008;2004;2016;5;19;3;20;0;0;1;1;960
4;5;3;12;2012;0;10;JAM;2008;2004;2016;5;11;2;5;0;0;1;1;960
4;3;4;11;2012;0;17;CZE;2008;2004;2016;3;7;1;9;0;0;1;1;960
4;1;1;6;2012;0;15;RSA;2008;2004;2016;0;1;1;6;0;0;1;1;960
4;0;3;7;2012;0;14;PRK;2008;2004;2016;2;6;0;5;0;0;1;1;960
3;5;9;17;2012;0;9;BRA;2008;2004;2016;3;17;5;10;0;1;1;1;960
3;2;6;11;2012;0;9;POL;2008;2004;2016;4;11;3;10;0;0;1;1;960
3;2;3;8;2012;0;11;ETH;2008;2004;2016;4;7;2;7;0;0;1;1;960
3;1;7;11;2012;0;13;KAZ;2008;2004;2016;2;9;1;8;0;0;1;1;960
3;1;2;6;2012;0;10;CRO;2008;2004;2016;0;5;1;5;0;0;1;1;960
2;5;11;18;2012;0;9;CAN;2008;2004;2016;3;20;3;12;0;0;1;1;960
2;5;3;10;2012;0;10;BLR;2008;2004;2016;3;14;2;13;0;0;1;1;960
2;4;7;13;2012;0;8;KEN;2008;2004;2016;6;16;1;7;0;0;1;1;960
2;4;3;9;2012;0;10;DEN;2008;2004;2016;2;7;2;8;0;0;1;1;960
2;4;1;7;2012;0;10;ROU;2008;2004;2016;4;9;8;19;0;0;1;1;960
2;2;5;9;2012;0;13;AZE;2008;2004;2016;1;6;1;5;0;0;1;1;960
2;2;0;4;2012;0;14;SUI;2008;2004;2016;2;7;1;5;0;0;1;1;960
2;1;1;4;2012;0;9;NOR;2008;2004;2016;3;9;5;6;0;0;1;1;960
2;0;3;5;2012;0;12;LTU;2008;2004;2016;0;5;1;3;0;0;1;1;960
2;0;1;3;2012;0;10;TUN;2008;2004;2016;1;1;0;0;0;0;1;0;960
1;4;3;8;2012;0;9;SWE;2008;2004;2016;0;5;4;7;0;0;1;1;960
1;3;5;9;2012;0;11;COL;2008;2004;2016;0;3;0;2;0;0;1;1;960
1;3;4;8;2012;0;9;MEX;2008;2004;2016;2;4;0;4;0;0;1;1;960
1;2;3;6;2012;0;10;GEO;2008;2004;2016;3;7;2;4;0;0;1;1;960
1;1;4;6;2012;0;10;IRL;2008;2004;2016;0;3;0;0;0;0;1;0;960
1;1;2;4;2012;0;12;ARG;2008;2004;2016;2;6;2;6;0;0;1;1;960
1;1;2;4;2012;0;9;SRB;2008;2004;2016;0;3;0;0;0;0;1;0;960
1;1;2;4;2012;0;11;SLO;2008;2004;2016;1;5;0;4;0;0;1;1;960
1;1;2;4;2012;0;22;TRI;2008;2004;2016;0;0;0;1;0;0;0;1;960
1;1;1;3;2012;0;9;TUR;2008;2004;2016;1;5;3;11;0;0;1;1;960
1;1;0;2;2012;0;21;DOM;2008;2004;2016;1;2;1;1;0;0;1;1;960
1;0;1;2;2012;0;17;TPE;2008;2004;2016;1;4;2;5;0;0;1;1;960
1;0;1;2;2012;0;9;LAT;2008;2004;2016;1;3;0;4;0;0;1;1;960
1;0;0;1;2012;0;10;ALG;2008;2004;2016;0;2;0;0;0;0;1;0;960
1;0;0;1;2012;0;10;BAH;2008;2004;2016;0;2;1;2;0;0;1;1;960
1;0;0;1;2012;0;10;BRN;2008;2004;2016;0;0;0;0;0;0;0;0;960
1;0;0;1;2012;0;10;GRN;2008;2004;2016;0;0;0;0;0;0;0;0;960
1;0;0;1;2012;0;9;UGA;2008;2004;2016;0;0;0;0;0;0;0;0;960
1;0;0;1;2012;0;12;VEN;2008;2004;2016;0;1;0;2;0;0;1;1;960
0;3;1;4;2012;0;8;EGY;2008;2004;2016;0;2;1;5;0;0;1;1;960
0;2;4;6;2012;0;8;IND;2008;2004;2016;1;3;0;1;0;0;1;1;960
0;2;3;5;2012;0;11;MGL;2008;2004;2016;2;4;0;1;0;0;1;1;960
0;2;2;4;2012;0;11;THA;2008;2004;2016;2;6;3;8;0;0;1;1;960
0;2;1;3;2012;0;11;BUL;2008;2004;2016;1;5;2;12;0;0;1;1;960
0;2;1;3;2012;0;10;FIN;2008;2004;2016;1;4;0;2;0;0;1;1;960
0;2;1;3;2012;0;12;INA;2008;2004;2016;1;6;1;4;0;0;1;1;960
0;1;3;4;2012;0;11;SVK;2008;2004;2016;3;6;2;6;0;0;1;1;960
0;1;2;3;2012;0;10;BEL;2008;2004;2016;2;2;1;3;0;0;1;1;960
0;1;1;2;2012;0;10;ARM;2008;2004;2016;0;5;0;0;0;0;1;0;960
0;1;1;2;2012;0;10;EST;2008;2004;2016;1;2;0;3;0;0;1;1;960
0;1;1;2;2012;0;11;MAS;2008;2004;2016;0;1;0;0;0;0;1;0;960
0;1;1;2;2012;0;14;PUR;2008;2004;2016;0;0;0;0;0;0;0;0;960
0;1;0;1;2012;0;11;BOT;2008;2004;2016;0;0;0;0;0;0;0;0;960
0;1;0;1;2012;0;9;CYP;2008;2004;2016;0;0;0;0;0;0;0;0;960
0;1;0;1;2012;0;8;GAB;2008;2004;2016;0;0;0;0;0;0;0;0;960
0;1;0;1;2012;0;12;GUA;2008;2004;2016;0;0;0;0;0;0;0;0;960
0;1;0;1;2012;0;13;MNE;2008;2004;2016;0;0;0;0;0;0;0;0;960
0;1;0;1;2012;0;11;POR;2008;2004;2016;1;2;0;3;0;0;1;1;960
0;0;3;3;2012;0;13;UZB;2008;2004;2016;0;4;2;5;0;0;1;1;960
0;0;2;2;2012;0;9;GRE;2008;2004;2016;0;3;6;16;0;0;1;1;960
0;0;2;2;2012;0;8;QAT;2008;2004;2016;0;0;0;0;0;0;0;0;960
0;0;2;2;2012;0;12;SIN;2008;2004;2016;0;1;0;0;0;0;1;0;960
0;0;1;1;2012;0;14;AFG;2008;2004;2016;0;1;0;0;0;0;1;0;960
0;0;1;1;2012;0;11;CMR;2008;2004;2016;1;1;1;1;0;0;1;1;960
0;0;1;1;2012;0;12;HKG;2008;2004;2016;0;0;0;1;0;0;0;1;960
0;0;1;1;2012;0;9;KUW;2008;2004;2016;0;0;0;0;0;0;0;0;960
0;0;1;1;2012;0;10;MAR;2008;2004;2016;0;2;2;3;0;0;1;1;960
0;0;1;1;2012;0;15;KSA;2008;2004;2016;0;0;0;0;0;0;0;0;960
0;0;1;1;2012;0;13;TJK;2008;2004;2016;0;2;0;0;0;0;1;0;960
0;0;1;1;2012;0;10;VIE;2008;2004;2016;0;1;0;0;0;0;1;0;960
46;37;38;121;2016;0;16;USA;2012;2008;Total Geral;46;104;36;112;0;0;1;1;973
27;23;17;67;2016;0;16;GBR;2012;2008;Total Geral;29;65;19;51;1;0;1;1;973
26;18;26;70;2016;0;8;CHN;2012;2008;Total Geral;38;91;48;100;0;0;1;1;973
19;17;20;56;2016;0;9;RUS;2012;2008;Total Geral;20;68;24;60;0;0;1;1;973
17;10;15;42;2016;0;10;GER;2012;2008;Total Geral;11;44;16;41;0;0;1;1;973
12;8;21;41;2016;0;8;JPN;2012;2008;Total Geral;7;38;9;25;0;0;1;1;973
10;18;14;42;2016;0;9;FRA;2012;2008;Total Geral;11;35;7;43;0;0;1;1;973
9;3;9;21;2016;0;14;KOR;2012;2008;Total Geral;13;30;13;32;0;0;1;1;973
8;12;8;28;2016;0;8;ITA;2012;2008;Total Geral;8;28;8;27;0;0;1;1;973
8;11;10;29;2016;0;12;AUS;2012;2008;Total Geral;8;35;14;46;0;0;1;1;973
8;7;4;19;2016;0;14;NED;2012;2008;Total Geral;6;20;7;16;0;0;1;1;973
8;3;4;15;2016;0;10;HUN;2012;2008;Total Geral;8;18;3;10;0;0;1;1;973
7;6;6;19;2016;1;9;BRA;2012;2008;Total Geral;3;17;3;17;0;0;1;1;973
7;4;6;17;2016;0;8;ESP;2012;2008;Total Geral;4;19;5;19;0;0;1;1;973
6;6;1;13;2016;0;8;KEN;2012;2008;Total Geral;2;13;6;16;0;0;1;1;973
6;3;2;11;2016;0;10;JAM;2012;2008;Total Geral;4;12;5;11;0;0;1;1;973
5;3;2;10;2016;0;10;CRO;2012;2008;Total Geral;3;6;0;5;0;0;1;1;973
5;2;4;11;2016;0;7;CUB;2012;2008;Total Geral;5;15;3;30;0;0;1;1;973
4;9;5;18;2016;0;14;NZL;2012;2008;Total Geral;6;13;3;9;0;0;1;1;973
4;3;15;22;2016;0;9;CAN;2012;2008;Total Geral;2;18;3;20;0;0;1;1;973
4;2;7;13;2016;0;13;UZB;2012;2008;Total Geral;0;3;0;4;0;0;1;1;973
3;5;10;18;2016;0;13;KAZ;2012;2008;Total Geral;3;11;2;9;0;0;1;1;973
3;2;3;8;2016;0;11;COL;2012;2008;Total Geral;1;9;0;3;0;0;1;1;973
3;2;2;7;2016;0;14;SUI;2012;2008;Total Geral;2;4;2;7;0;0;1;1;973
3;1;4;8;2016;0;7;IRI;2012;2008;Total Geral;7;13;1;2;0;0;1;1;973
3;1;2;6;2016;0;9;GRE;2012;2008;Total Geral;0;2;0;3;0;0;1;1;973
3;1;0;4;2016;0;12;ARG;2012;2008;Total Geral;1;4;2;6;0;0;1;1;973
2;6;7;15;2016;0;10;DEN;2012;2008;Total Geral;2;9;2;7;0;0;1;1;973
2;6;3;11;2016;0;9;SWE;2012;2008;Total Geral;1;8;0;5;0;0;1;1;973
2;6;2;10;2016;0;15;RSA;2012;2008;Total Geral;4;6;0;1;0;0;1;1;973
2;5;4;11;2016;0;10;UKR;2012;2008;Total Geral;5;19;7;22;0;0;1;1;973
2;4;2;8;2016;0;9;SRB;2012;2008;Total Geral;1;4;0;3;0;0;1;1;973
2;3;6;11;2016;0;9;POL;2012;2008;Total Geral;3;11;4;11;0;0;1;1;973
2;3;2;7;2016;0;14;PRK;2012;2008;Total Geral;4;7;2;6;0;0;1;1;973
2;2;2;6;2016;0;10;BEL;2012;2008;Total Geral;0;3;2;2;0;0;1;1;973
2;2;2;6;2016;0;11;THA;2012;2008;Total Geral;0;4;2;6;0;0;1;1;973
2;2;0;4;2016;0;11;SVK;2012;2008;Total Geral;0;4;3;6;0;0;1;1;973
2;1;4;7;2016;0;10;GEO;2012;2008;Total Geral;1;6;3;7;0;0;1;1;973
1;7;10;18;2016;0;13;AZE;2012;2008;Total Geral;2;9;1;6;0;0;1;1;973
1;4;4;9;2016;0;10;BLR;2012;2008;Total Geral;2;10;3;14;0;0;1;1;973
1;3;4;8;2016;0;9;TUR;2012;2008;Total Geral;1;3;1;5;0;0;1;1;973
1;3;0;4;2016;0;10;ARM;2012;2008;Total Geral;0;2;0;5;0;0;1;1;973
1;2;7;10;2016;0;17;CZE;2012;2008;Total Geral;4;11;3;7;0;0;1;1;973
1;2;5;8;2016;0;11;ETH;2012;2008;Total Geral;3;8;4;7;0;0;1;1;973
1;2;1;4;2016;0;11;SLO;2012;2008;Total Geral;1;4;1;5;0;0;1;1;973
1;2;0;3;2016;0;12;INA;2012;2008;Total Geral;0;3;1;6;0;0;1;1;973
1;1;2;4;2016;0;10;ROU;2012;2008;Total Geral;2;7;4;9;0;0;1;1;973
1;1;0;2;2016;0;10;BRN;2012;2008;Total Geral;1;1;0;0;0;0;1;0;973
1;1;0;2;2016;0;10;VIE;2012;2008;Total Geral;0;1;0;1;0;0;1;1;973
1;0;2;3;2016;0;17;TPE;2012;2008;Total Geral;1;2;1;4;0;0;1;1;973
1;0;1;2;2016;0;10;BAH;2012;2008;Total Geral;1;1;0;2;0;0;1;1;973
1;0;1;2;2016;0;31;IOA;2012;2008;Total Geral;0;0;0;0;0;0;0;0;973
1;0;1;2;2016;0;14;CIV;2012;2008;Total Geral;0;0;0;0;0;0;0;0;973
1;0;0;1;2016;0;7;FIJ;2012;2008;Total Geral;0;0;0;0;0;0;0;0;973
1;0;0;1;2016;0;9;JOR;2012;2008;Total Geral;0;0;0;0;0;0;0;0;973
1;0;0;1;2016;0;9;KOS;2012;2008;Total Geral;0;0;0;0;0;0;0;0;973
1;0;0;1;2016;0;14;PUR;2012;2008;Total Geral;0;2;0;0;0;0;1;0;973
1;0;0;1;2016;0;12;SIN;2012;2008;Total Geral;0;2;0;1;0;0;1;1;973
1;0;0;1;2016;0;13;TJK;2012;2008;Total Geral;0;1;0;2;0;0;1;1;973
0;4;1;5;2016;0;11;MAS;2012;2008;Total Geral;0;2;0;1;0;0;1;1;973
0;3;2;5;2016;0;9;MEX;2012;2008;Total Geral;1;8;2;4;0;0;1;1;973
0;2;1;3;2016;0;12;VEN;2012;2008;Total Geral;1;1;0;1;0;0;1;1;973
0;2;0;2;2016;0;10;ALG;2012;2008;Total Geral;1;1;0;2;0;0;1;1;973
0;2;0;2;2016;0;10;IRL;2012;2008;Total Geral;1;6;0;3;0;0;1;1;973
0;1;3;4;2016;0;12;LTU;2012;2008;Total Geral;2;5;0;5;0;0;1;1;973
0;1;2;3;2016;0;11;BUL;2012;2008;Total Geral;0;3;1;5;0;0;1;1;973
0;1;1;2;2016;0;8;IND;2012;2008;Total Geral;0;6;1;3;0;0;1;1;973
0;1;1;2;2016;0;11;MGL;2012;2008;Total Geral;0;5;2;4;0;0;1;1;973
0;1;0;1;2016;0;10;BDI;2012;2008;Total Geral;0;0;0;0;0;0;0;0;973
0;1;0;1;2016;0;10;GRN;2012;2008;Total Geral;1;1;0;0;0;0;1;0;973
0;1;0;1;2016;0;8;NIG;2012;2008;Total Geral;0;0;0;0;0;0;0;0;973
0;1;0;1;2016;0;14;PHI;2012;2008;Total Geral;0;0;0;0;0;0;0;0;973
0;1;0;1;2016;0;8;QAT;2012;2008;Total Geral;0;2;0;0;0;0;1;0;973
0;0;4;4;2016;0;9;NOR;2012;2008;Total Geral;2;4;3;9;0;0;1;1;973
0;0;3;3;2016;0;8;EGY;2012;2008;Total Geral;0;4;0;2;0;0;1;1;973
0;0;3;3;2016;0;10;TUN;2012;2008;Total Geral;2;3;1;1;0;0;1;1;973
0;0;2;2;2016;0;9;ISR;2012;2008;Total Geral;0;0;0;1;0;0;0;1;973
0;0;1;1;2016;0;10;AUT;2012;2008;Total Geral;0;0;0;3;0;0;0;1;973
0;0;1;1;2016;0;21;DOM;2012;2008;Total Geral;1;2;1;2;0;0;1;1;973
0;0;1;1;2016;0;10;EST;2012;2008;Total Geral;0;2;1;2;0;0;1;1;973
0;0;1;1;2016;0;10;FIN;2012;2008;Total Geral;0;3;1;4;0;0;1;1;973
0;0;1;1;2016;0;10;MAR;2012;2008;Total Geral;0;1;0;2;0;0;1;1;973
0;0;1;1;2016;0;10;NGR;2012;2008;Total Geral;0;0;0;5;0;0;0;1;973
0;0;1;1;2016;0;11;POR;2012;2008;Total Geral;0;1;1;2;0;0;1;1;973
0;0;1;1;2016;0;22;TTO;2012;2008;Total Geral;0;0;1;2;0;0;0;1;973
0;0;1;1;2016;0;23;UAE;2012;2008;Total Geral;0;0;0;0;0;0;0;0;973
